method,case_id,kind,protocol,preprocessing,headline_native_snap_mm,native_subvoxel_mm,reg1mm_snap_mm,reg1mm_subvoxel_mm,metric_mask_voxels,metric_mask_coverage_of_available_fixed_r231,regularity_available,diffusion_l2_full,diffusion_l2_fg,bending_energy_full,bending_energy_fg,log_jdet_std_full,log_jdet_std_fg,jdet_le0_pct_full,jdet_le0_pct_fg,jdet_mean_full,jdet_mean_fg,disp_mag_mean_full_vox,disp_mag_p95_full_vox,disp_mag_max_full_vox,disp_mag_mean_fg_vox,disp_mag_p95_fg_vox,disp_mag_max_fg_vox,disp_mag_mean_full_mm,disp_mag_p95_full_mm,disp_mag_max_full_mm,disp_mag_mean_fg_mm,disp_mag_p95_fg_mm,disp_mag_max_fg_mm
P0,1,new_dual_inr,copd,ptv_landmark_crop_1mm_no_lungmask,1.4467671032978489,1.4919082356232924,1.6135365409431062,1.4976497942835776,6680780,1.0,True,0.03125778914387881,0.03041911507966936,0.000592172909885339,0.000598663040974759,0.4593424293589361,0.48484189940665506,0.05848281833072138,0.08945205398644726,0.7163507418482994,0.6178965833831013,24.681538070546985,44.72879812308947,58.40080205511696,27.119314187481287,45.563837392160046,56.881153810132766,24.681538070546985,44.72879812308947,58.40080205511696,27.119314187481287,45.563837392160046,56.881153810132766
P0,2,new_dual_inr,copd,ptv_landmark_crop_1mm_no_lungmask,2.821181093658231,2.8084455258560586,2.8516337324385277,2.8064678207281912,4028298,1.0,True,0.025131474105682172,0.0366406042654574,0.0006704372211446125,0.001022463765692884,0.43335756310987045,0.5145820356178971,0.10875735136985759,0.26929465553876897,0.8479080207699607,0.7034575401999769,18.21223539027408,29.88385041876211,36.916405635688264,20.037770612617596,30.149738059262212,36.916405635688264,18.21223539027408,29.88385041876211,36.916405635688264,20.037770612617596,30.149738059262212,36.916405635688264
P0,3,new_dual_inr,copd,ptv_landmark_crop_1mm_no_lungmask,1.3346282555611315,1.4085810220252228,1.4667774446566242,1.4048304576333221,5108177,1.0,True,0.00775318563608321,0.009622696148091508,0.0002433246133081708,0.000335494060561121,0.20780398711471218,0.21756567711834854,0.0,0.0,0.8706524619522326,0.7874151468480048,11.531979316809673,25.660512323921417,33.23665444274108,13.594140390251669,25.577349126266594,33.23665444274108,11.531979316809673,25.660512323921417,33.23665444274108,13.594140390251669,25.577349126266594,33.23665444274108
P0,4,new_dual_inr,copd,ptv_landmark_crop_1mm_no_lungmask,1.5839318525814623,1.6262736855731708,1.6679804910591431,1.6244860516615398,4180503,1.0,True,0.033732400923245025,0.03534912684790151,0.0006936106655522367,0.0007711839038051947,0.3550377085979011,0.2737948336698553,0.0,0.0,0.6360189655531591,0.4878724460877614,30.609584553218077,56.556510534582785,70.75056897209932,32.408891408102726,55.884845374192786,70.74232236967954,30.609584553218077,56.556510534582785,70.75056897209932,32.408891408102726,55.884845374192786,70.74232236967954
P0,5,new_dual_inr,copd,ptv_landmark_crop_1mm_no_lungmask,1.6158846306970243,1.6470393774499232,1.7283119727604237,1.6413325099092586,5030336,1.0,True,0.029728447574620936,0.030355203809306685,0.0005276519374262825,0.0006207111155081858,0.39441925292861046,0.28246590253043874,0.01720467631002642,0.0,0.6462118485405343,0.4843983029686809,32.7439894671502,59.44086825325608,68.33073631102572,32.63712535908866,55.94466855962685,67.55479698845204,32.7439894671502,59.44086825325608,68.33073631102572,32.63712535908866,55.94466855962685,67.55479698845204
P0,6,new_dual_inr,copd,ptv_landmark_crop_1mm_no_lungmask,3.899601243991124,3.9664454432298584,4.012364519083351,3.9545661772568246,4486693,1.0,True,0.0313788079569673,0.0344374421023728,0.0007314052666013151,0.0009054720993541373,0.5437940795947305,0.6271460473892144,0.24791684338721795,0.5443022566861959,0.7796899930757099,0.6135546917702865,24.947615348438717,41.69612737280893,50.34528424877018,26.550814988080806,40.49545378475979,50.34528424877018,24.947615348438717,41.69612737280893,50.34528424877018,26.550814988080806,40.49545378475979,50.34528424877018
P0,7,new_dual_inr,copd,ptv_landmark_crop_1mm_no_lungmask,1.321494031870601,1.3757793005250978,1.4914082707842446,1.3772482123622511,3802541,1.0,True,0.010918994791348073,0.012428641730669503,0.00031719212499551556,0.0004401670053222228,0.1900735551364834,0.16156414488949447,0.0,0.0,0.8368426763773368,0.7499804760939863,20.22478467823137,35.41645187601393,41.08481365782497,21.469294998529243,34.120856121302765,41.08333344146365,20.22478467823137,35.41645187601393,41.08481365782497,21.469294998529243,34.120856121302765,41.08333344146365
P0,8,new_dual_inr,copd,ptv_landmark_crop_1mm_no_lungmask,2.0225115950334778,2.0051183785048505,2.0779095354117114,1.9939685658381723,4672797,1.0,True,0.029167391101453236,0.028877339186579223,0.0006199515151231784,0.0007294451387572587,0.3735520881372824,0.37491540757760977,0.017688104326776245,0.03789074561694053,0.6892824994470796,0.5704870004616494,24.45292347961859,50.90393671875715,67.88115957006013,24.681660809905754,49.264090592537706,67.85725560220318,24.45292347961859,50.90393671875715,67.88115957006013,24.681660809905754,49.264090592537706,67.85725560220318
P0,9,new_dual_inr,copd,ptv_landmark_crop_1mm_no_lungmask,1.2905662112941414,1.3671779417840484,1.4912393967860624,1.365475722813791,3954376,1.0,True,0.012003747824404144,0.013471797732860434,0.0001893918186056492,0.00028471719920427653,0.16663062600881529,0.15920360973872294,0.0,0.0,0.8040286796599243,0.7297544446929908,15.532103386819655,36.65684283784336,49.87140936032353,14.585231531902542,35.59020620788719,49.326424583508484,15.532103386819655,36.65684283784336,49.87140936032353,14.585231531902542,35.59020620788719,49.326424583508484
P0,10,new_dual_inr,copd,ptv_landmark_crop_1mm_no_lungmask,1.7297513178363977,1.7040616269025455,1.776081630600392,1.6948252639126116,6968321,1.0,True,0.028597112831975125,0.028789729368234287,0.0004953484923329845,0.000533060392890546,0.2631473373216572,0.2001108852954442,0.0,0.0,0.6877426304926176,0.6053060837395953,23.590981388691333,44.16413800147713,57.1962078073907,22.235830915573686,41.64047634006051,55.54046867397236,23.590981388691333,44.16413800147713,57.1962078073907,22.235830915573686,41.64047634006051,55.54046867397236
P1,1,new_dual_inr,copd,ptv_landmark_crop_1mm_no_lungmask,1.4888928591491328,1.566692774256752,1.6781080721933865,1.5714696078031818,6680780,1.0,True,0.032663238510765004,0.03129179898709907,0.0005919826268430357,0.0005977452431336423,0.445317130585279,0.4669034585916169,0.0699712580882154,0.11974837866261465,0.7156106981997336,0.6164297705124948,24.611297495605545,44.742422585233875,58.151340284885826,27.07727952287259,45.579225640946845,57.41893153117474,24.611297495605545,44.742422585233875,58.151340284885826,27.07727952287259,45.579225640946845,57.41893153117474
P1,2,new_dual_inr,copd,ptv_landmark_crop_1mm_no_lungmask,2.921279521259371,2.8955096136410363,2.9623513548640594,2.8948934810639413,4028298,1.0,True,0.027428765776436163,0.0380193059227227,0.00067750717410831,0.0010107184912149377,0.45967124295119594,0.5359094183687246,0.09454116838150431,0.23180747266287388,0.8469018959278244,0.7030761259500128,18.639106313369073,30.709199603041412,38.383609509341035,20.42648764121462,30.825218318750526,38.383609509341035,18.639106313369073,30.709199603041412,38.383609509341035,20.42648764121462,30.825218318750526,38.383609509341035
P1,3,new_dual_inr,copd,ptv_landmark_crop_1mm_no_lungmask,1.3775223559164984,1.4202938258021536,1.486767870963118,1.4165433961030394,5108177,1.0,True,0.008155591971927254,0.010085863412580345,0.00024476885782931027,0.0003348985554774661,0.21591007407095297,0.22480400775153592,0.0,0.0,0.8715164451480526,0.7855047160388421,11.51438481489321,25.99777480553337,34.35257879014495,13.602589597221998,25.80226197267374,34.35257879014495,11.51438481489321,25.99777480553337,34.35257879014495,13.602589597221998,25.80226197267374,34.35257879014495
P1,4,new_dual_inr,copd,ptv_landmark_crop_1mm_no_lungmask,1.6451291035154048,1.6963506511262658,1.7565672340565583,1.6947293555260436,4180503,1.0,True,0.03510809622505214,0.036118740372231235,0.0007022979282320376,0.00077846482035176,0.36570971849365436,0.28531536891664583,0.0035945557795872577,0.0,0.6276845271815572,0.48612723410603936,30.188459953689488,56.633507554380316,72.22438073662705,32.19681589289595,56.03024217172296,71.93629681447828,30.188459953689488,56.633507554380316,72.22438073662705,32.19681589289595,56.03024217172296,71.93629681447828
P1,5,new_dual_inr,copd,ptv_landmark_crop_1mm_no_lungmask,1.652157176257822,1.6762633440341295,1.7612831878999358,1.6705428290283828,5030336,1.0,True,0.029570405270156797,0.03046689893100665,0.0005162609183018757,0.0006013088440643341,0.38789795786547515,0.2861298361806493,0.017793014044126,0.0,0.6166552277411641,0.4813362769151637,33.64683530034911,64.18250124171446,76.56406328906077,32.907671562815004,57.18543818451466,71.01403477036469,33.64683530034911,64.18250124171446,76.56406328906077,32.907671562815004,57.18543818451466,71.01403477036469
P1,6,new_dual_inr,copd,ptv_landmark_crop_1mm_no_lungmask,4.634725407905848,4.678081435055331,4.749672426436838,4.66648302579948,4486693,1.0,True,0.036580972146300635,0.03836161178752406,0.0007366637841324273,0.0009086530099454783,0.5730288392094248,0.6458060672025839,0.34131049901844357,0.7521243137486552,0.7760596338933512,0.6135245750780913,25.73647416341406,42.93141225912319,53.05425023940173,26.87396181250389,40.57552801242136,52.35608823925614,25.73647416341406,42.93141225912319,53.05425023940173,26.87396181250389,40.57552801242136,52.35608823925614
P1,7,new_dual_inr,copd,ptv_landmark_crop_1mm_no_lungmask,1.3406772935410016,1.3935076529416033,1.4966420580395625,1.395118063303347,3802541,1.0,True,0.011164036252261806,0.012620898623212765,0.00032365969110728345,0.00043892375013259495,0.19429095327226528,0.1643976248522996,0.0,0.0,0.8405535875524711,0.7502305232891359,20.048511227746168,35.24304924247105,41.75601426154902,21.44025056008498,34.019493375212335,41.73742298905982,20.048511227746168,35.24304924247105,41.75601426154902,21.44025056008498,34.019493375212335,41.73742298905982
P1,8,new_dual_inr,copd,ptv_landmark_crop_1mm_no_lungmask,2.1246433927306407,2.1554769955176933,2.2236418445778234,2.1463919895380177,4672797,1.0,True,0.031529460344922294,0.030808543143894047,0.0006182981964999374,0.000726219275651971,0.3852236442196872,0.37696908766602244,0.0014303592337142521,0.0030640580168596553,0.6867725343228434,0.5690278123369084,24.670765556151277,51.15937256226873,68.6772300818434,24.837271286889624,49.4310960673735,68.6772300818434,24.670765556151277,51.15937256226873,68.6772300818434,24.837271286889624,49.4310960673735,68.6772300818434
P1,9,new_dual_inr,copd,ptv_landmark_crop_1mm_no_lungmask,1.3200644162774846,1.3888131966193353,1.5064263956097694,1.3874992902973824,3954376,1.0,True,0.012279524397052695,0.01370847483278522,0.00019427770980976503,0.00028456069632329633,0.17673413736313678,0.16491649103003525,0.0056212481436808456,0.0,0.8057044138494103,0.7289345456106322,15.441575440455518,36.627154776751105,49.928616261871035,14.608717899647683,35.59606260271359,49.52547338054318,15.441575440455518,36.627154776751105,49.928616261871035,14.608717899647683,35.59606260271359,49.52547338054318
P1,10,new_dual_inr,copd,ptv_landmark_crop_1mm_no_lungmask,1.7710120074606854,1.7572344084551677,1.831485030159478,1.7483648652380646,6968321,1.0,True,0.029541144665975783,0.02904976295359732,0.0004893950003413861,0.0005260299701718248,0.2691943402430145,0.20337017151157244,0.0,0.0,0.6814033990833108,0.6050398539012246,23.510719832483787,44.40127525474442,58.976306006470686,22.17004131373942,41.74852656736723,55.79640911923246,23.510719832483787,44.40127525474442,58.976306006470686,22.17004131373942,41.74852656736723,55.79640911923246
pTVReg official,1,reference,official_ptvreg_copd_best_1mm,official pTVReg 1 mm landmark crop; exact MATLAB crop convention,0.7130321648790902,,,,,,False,,,,,,,,,,,,,,,,,,,,,,
pTVReg official,2,reference,official_ptvreg_copd_best_1mm,official pTVReg 1 mm landmark crop; exact MATLAB crop convention,1.9053419093077593,,,,,,False,,,,,,,,,,,,,,,,,,,,,,
pTVReg official,3,reference,official_ptvreg_copd_best_1mm,official pTVReg 1 mm landmark crop; exact MATLAB crop convention,0.7734754122003252,,,,,,False,,,,,,,,,,,,,,,,,,,,,,
pTVReg official,4,reference,official_ptvreg_copd_best_1mm,official pTVReg 1 mm landmark crop; exact MATLAB crop convention,0.6726604596494498,,,,,,False,,,,,,,,,,,,,,,,,,,,,,
pTVReg official,5,reference,official_ptvreg_copd_best_1mm,official pTVReg 1 mm landmark crop; exact MATLAB crop convention,0.7109422693253751,,,,,,False,,,,,,,,,,,,,,,,,,,,,,
pTVReg official,6,reference,official_ptvreg_copd_best_1mm,official pTVReg 1 mm landmark crop; exact MATLAB crop convention,0.6621633226341692,,,,,,False,,,,,,,,,,,,,,,,,,,,,,
pTVReg official,7,reference,official_ptvreg_copd_best_1mm,official pTVReg 1 mm landmark crop; exact MATLAB crop convention,0.7490862699074157,,,,,,False,,,,,,,,,,,,,,,,,,,,,,
pTVReg official,8,reference,official_ptvreg_copd_best_1mm,official pTVReg 1 mm landmark crop; exact MATLAB crop convention,0.782294504738689,,,,,,False,,,,,,,,,,,,,,,,,,,,,,
pTVReg official,9,reference,official_ptvreg_copd_best_1mm,official pTVReg 1 mm landmark crop; exact MATLAB crop convention,0.6411933921716088,,,,,,False,,,,,,,,,,,,,,,,,,,,,,
pTVReg official,10,reference,official_ptvreg_copd_best_1mm,official pTVReg 1 mm landmark crop; exact MATLAB crop convention,0.850862147895086,,,,,,False,,,,,,,,,,,,,,,,,,,,,,
MR-D-BSCP P2e,1,reference,ptv_directcp_multistage,legacy pTV-style 1 mm crop; matched to COPD P0/P1,0.714079873706714,0.8322273984366849,0.9988747439364295,0.837008966628127,,,True,,0.044704878264055774,,0.010001024405741707,,0.48617421055175175,,1.9123893212337608,,,,,,,,,,,,,,
MR-D-BSCP P2e,2,reference,ptv_directcp_multistage,legacy pTV-style 1 mm crop; matched to COPD P0/P1,3.348021158944934,3.361477146772636,3.4744330842953257,3.359736519643391,,,True,,0.0656741877087771,,0.01961579759052586,,0.6157940370379622,,2.0283781994443757,,,,,,,,,,,,,,
MR-D-BSCP P2e,3,reference,ptv_directcp_multistage,legacy pTV-style 1 mm crop; matched to COPD P0/P1,0.8232033378113195,0.8777630832072228,0.9822104639869189,0.8761251690180564,,,True,,0.016024800448633494,,0.0048416313313759726,,0.2742973025765607,,0.06772866750139887,,,,,,,,,,,,,,
MR-D-BSCP P2e,4,reference,ptv_directcp_multistage,legacy pTV-style 1 mm crop; matched to COPD P0/P1,0.7324769920860777,0.887953746874612,1.0500690562336072,0.8825307493076662,,,True,,0.04933981970935689,,0.009177029650604802,,0.44010703619916225,,0.48384996092732485,,,,,,,,,,,,,,
MR-D-BSCP P2e,5,reference,ptv_directcp_multistage,legacy pTV-style 1 mm crop; matched to COPD P0/P1,0.7404079192199485,0.8570485887001896,1.0103004593085922,0.8562701427284052,,,True,,0.042235315270630354,,0.008214152298226179,,0.4078403541109761,,0.31431200993879566,,,,,,,,,,,,,,
MR-D-BSCP P2e,6,reference,ptv_directcp_multistage,legacy pTV-style 1 mm crop; matched to COPD P0/P1,0.8510691089870608,0.9876461659702807,1.1290134242930259,0.9836586442062438,,,True,,0.039581269477190255,,0.009149977135873398,,0.48725748154617743,,1.3408863494382002,,,,,,,,,,,,,,
MR-D-BSCP P2e,7,reference,ptv_directcp_multistage,legacy pTV-style 1 mm crop; matched to COPD P0/P1,0.836204629020343,0.8867148571007427,1.0284819127070315,0.8869818793994265,,,True,,0.02250353075451983,,0.005422203607026439,,0.257857443706992,,0.04297883352105088,,,,,,,,,,,,,,
MR-D-BSCP P2e,8,reference,ptv_directcp_multistage,legacy pTV-style 1 mm crop; matched to COPD P0/P1,0.8195557210467602,0.9372391338798709,1.0280915884881894,0.9240154636247156,,,True,,0.040800669170872404,,0.008871834886424988,,0.4176929928126252,,0.5219256007873334,,,,,,,,,,,,,,
MR-D-BSCP P2e,9,reference,ptv_directcp_multistage,legacy pTV-style 1 mm crop; matched to COPD P0/P1,0.8511577145161814,1.0253411107955062,1.1654191450709888,1.017598890888619,,,True,,0.02518817024118668,,0.005838960350344638,,0.2617885467802182,,0.241044405340272,,,,,,,,,,,,,,
MR-D-BSCP P2e,10,reference,ptv_directcp_multistage,legacy pTV-style 1 mm crop; matched to COPD P0/P1,0.7886071340911043,0.9137406419647824,1.0474892487680152,0.9037245289674292,,,True,,0.04316523938087944,,0.00822116442487868,,0.3723453872684682,,0.297998199268413,,,,,,,,,,,,,,
