method,method_label,reg_value,reg_label,ratio_to_best_tre_weight,cases,original_snap_tre_mean_mm_mean,original_snap_tre_mean_mm_std,original_subvoxel_tre_mean_mm_mean,original_subvoxel_tre_mean_mm_std,reg1mm_snap_tre_mean_mm_mean,reg1mm_snap_tre_mean_mm_std,reg1mm_subvoxel_tre_mean_mm_mean,reg1mm_subvoxel_tre_mean_mm_std,fg_logj_std_mean,fg_logj_std_std,fg_jdet_le0_pct_mean,fg_jdet_le0_pct_std,fg_bending_energy_mean,fg_bending_energy_std,fg_diffusion_l2_mean,fg_diffusion_l2_std,fg_disp_mag_mean_vox_mean,fg_disp_mag_mean_vox_std,fg_disp_mag_p95_vox_mean,fg_disp_mag_p95_vox_std,fg_disp_mag_max_vox_mean,fg_disp_mag_max_vox_std,dataset,method_id,display_method,method_family,selected_lr,selected_lr_label,schedule,comparison_panel,schedule_role,label,family,source_group,panel3_include,panel4_include,masked_loss_used,legacy_context,weight_label,full_crop_one_minus_ncc_mean,full_crop_one_minus_ncc_std,fixed_t00_lung_mask_one_minus_ncc_mean,fixed_t00_lung_mask_one_minus_ncc_std,final_data_loss_mean,final_data_loss_std,final_reg_loss_mean,final_reg_loss_std,loss_domain,regularizer
idir_be_default_lungmask,IDIR BE,0.1,a=0.1,0.01,10,1.3174270166955255,0.6555399964309951,1.4079354438898313,0.6341921605209918,1.5127789963051856,0.6261804218814498,1.4130659713556493,0.63942187272929,0.3224719504956143,0.112824995422979,0.2937726399416085,0.4034273898299062,0.0074765353908587,0.0045225157677676,0.023004679427432,0.0128929151030344,8.71527889590173,2.709231982620057,18.573637334828327,5.385039213343679,23.949688384974355,5.910779837436903,lungct10,idir_be_default_lungmask,IDIR (IDIR loss),idir,0.0001,0.0001,unchanged,both,unchanged_reference,,,v009_schedule_refresh,True,True,False,False,,,,,,,,,,,
idir_be_default_lungmask,IDIR BE,1.0,a=1,0.1,10,1.045697681599814,0.1999224793682183,1.158585420928288,0.1661379259309,1.2644121246406512,0.1615125342573288,1.1614300764895629,0.1673297651209229,0.2155097419654966,0.0553414989233438,0.0226215682884118,0.0450590625309757,0.0024270630241929,0.0011374143998974,0.012305084998584,0.0046618111255519,8.875846561044414,2.9475243784968925,18.808159659801483,5.704282785774902,23.64754855086283,6.008738083936503,lungct10,idir_be_default_lungmask,IDIR (IDIR loss),idir,0.0001,0.0001,unchanged,both,unchanged_reference,,,v009_schedule_refresh,True,True,False,False,,,,,,,,,,,
idir_be_default_lungmask,IDIR BE,3.0,a=3,0.3,10,1.0062107556799669,0.1705092810314277,1.1287903438694762,0.131076672162388,1.2293782738313257,0.1245553135005106,1.1314829684967982,0.1302223750932392,0.1751955400895316,0.0427083278216258,0.0088687802429017,0.0249846257487031,0.0012022516997775,0.0004792777150272,0.0091984797985463,0.0034597424982007,8.898164808854371,2.972180985272106,18.84551006752708,5.720642156620873,23.29208454969528,5.873743655490605,lungct10,idir_be_default_lungmask,IDIR (IDIR loss),idir,0.0001,0.0001,unchanged,both,unchanged_reference,,,v009_schedule_refresh,True,True,False,False,,,,,,,,,,,
idir_be_default_lungmask,IDIR BE,10.0,a=10,1.0,10,1.017338986906141,0.1763251889336658,1.1334556381029122,0.1367115054825269,1.2363700767744508,0.1333699393089237,1.137616196353052,0.1362319355124691,0.1428690024425493,0.0347959318138021,2.470950648843e-05,7.412851946528999e-05,0.0005354951999673,0.0001814116649349,0.0072179176716064,0.0028639822501667,8.892627708678312,2.9691949144177845,18.849830396809185,5.702405674083638,23.10504078542559,5.848455610422389,lungct10,idir_be_default_lungmask,IDIR (IDIR loss),idir,0.0001,0.0001,unchanged,both,unchanged_reference,,,v009_schedule_refresh,True,True,False,False,,,,,,,,,,,
idir_be_default_lungmask,IDIR BE,30.0,a=30,3.0,10,1.037163074923321,0.1801454801747951,1.1544694854751874,0.1434771204897421,1.2480448112900924,0.1390174324064761,1.1584794857670273,0.1436471667118738,0.1213395050442944,0.0297062531791017,0.0,0.0,0.0002588808814997,8.063870547619329e-05,0.0060616435042825,0.002517249508828,8.880179539627466,2.989452202762286,18.881256586145767,5.763972503239592,23.166306445912767,5.828653955033974,lungct10,idir_be_default_lungmask,IDIR (IDIR loss),idir,0.0001,0.0001,unchanged,both,unchanged_reference,,,v009_schedule_refresh,True,True,False,False,,,,,,,,,,,
idir_be_default_lungmask,IDIR BE,100.0,a=100,10.0,10,1.084874416320527,0.2119019925900831,1.1957301687702513,0.162795909332611,1.2944067605986451,0.1556582589831688,1.2020166139795625,0.1629855100322481,0.1042021817978909,0.0269201972497067,0.0,0.0,0.0001153940394795,3.6126924747718416e-05,0.0051602683832243,0.0022810577953329,8.827717998106538,2.9965624457339706,18.823919055242023,5.780101860518097,23.152491143799743,5.893081782767601,lungct10,idir_be_default_lungmask,IDIR (IDIR loss),idir,0.0001,0.0001,unchanged,both,unchanged_reference,,,v009_schedule_refresh,True,True,False,False,,,,,,,,,,,
idir_be_default_lungmask,IDIR BE,1000.0,a=1000,100.0,10,1.256659575407478,0.2686645308139244,1.333368469203447,0.2132469692570663,1.4351118278184354,0.2071757106776894,1.3439203305865333,0.2168565849457782,0.0789375027410721,0.0216963303721293,0.0,0.0,2.0387538936200195e-05,6.785193268157599e-06,0.0038267016687701,0.0019350454957454,8.723568800199175,2.95633783734543,18.510103077299085,5.734989801000849,22.52610335967469,6.238903683140516,lungct10,idir_be_default_lungmask,IDIR (IDIR loss),idir,0.0001,0.0001,unchanged,both,unchanged_reference,,,v009_schedule_refresh,True,True,False,False,,,,,,,,,,,
ptvreg_reference,pTVReg,,pTVReg,,10,0.9191217203638654,0.1524565607255938,1.055329900297545,0.1194764079342966,1.167571140160207,0.112581328445014,1.057366175798477,0.1166416019257451,0.1977368783181222,0.0573085229534831,0.027763807700043,0.0321128609862532,0.0089558039299383,0.00392215257913,0.0116056214271826,0.005022561053964,8.886730653011295,2.9579050833326748,18.678762995604306,5.794999796754682,23.623079562172784,6.232421478452528,lungct10,ptvreg_reference,pTVReg,reference,,,unchanged,both,unchanged_reference,,,v009_schedule_refresh,True,True,False,False,,,,,,,,,,,
direct_cp_32_16_8_4_global_ncc_fd_be,MR-D-BSCP (IDIR loss),1000.0,a=1000,0.1,10,1.016264002282099,0.1548142555328936,1.118163876804554,0.1370040313951198,1.2259776459370122,0.1326206860460887,1.119363887359072,0.1365527973741772,0.3450991912396737,0.1334023408433273,0.2289167137216952,0.448664667804667,0.0135808132967983,0.0108471538857312,0.0245603278517213,0.0157199000369372,,,,,,,lungct10,direct_cp_32_16_8_4_global_ncc_fd_be,MR-D-BSCP (IDIR loss),directcp_multistage,0.001,0.001,2500,2500,,2500 idir_fdbe 1000,idir_fdbe,v009_schedule_refresh,True,True,False,False,,,,,,,,,,,
direct_cp_32_16_8_4_global_ncc_fd_be,MR-D-BSCP (IDIR loss),3000.0,a=3000,0.3,10,0.9850292216575848,0.1424449529109761,1.1007318665107826,0.129005402015545,1.2115044111110025,0.1185614344386529,1.102249742168406,0.1282998413696441,0.2551841811870283,0.0968891633358427,0.0518781707337265,0.0965692708741063,0.0055202536086184,0.0043158778787499,0.0152002017743629,0.0077598289207684,,,,,,,lungct10,direct_cp_32_16_8_4_global_ncc_fd_be,MR-D-BSCP (IDIR loss),directcp_multistage,0.001,0.001,2500,2500,,2500 idir_fdbe 3000,idir_fdbe,v009_schedule_refresh,True,True,False,False,,,,,,,,,,,
direct_cp_32_16_8_4_global_ncc_fd_be,MR-D-BSCP (IDIR loss),10000.0,a=10000,1.0,10,0.9670595412292702,0.1503330200316952,1.1008232406107643,0.1245298653142114,1.2132773906460426,0.1207864820123804,1.103291587968299,0.1239818874059105,0.1853896057347765,0.0608133473181935,0.0037340427203941,0.0081547413595549,0.0019690777224289,0.0013548163180079,0.010035165850226,0.0042344055012016,,,,,,,lungct10,direct_cp_32_16_8_4_global_ncc_fd_be,MR-D-BSCP (IDIR loss),directcp_multistage,0.001,0.001,2500,2500,,2500 idir_fdbe 10000,idir_fdbe,v009_schedule_refresh,True,True,False,False,,,,,,,,,,,
direct_cp_32_16_8_4_global_ncc_fd_be,MR-D-BSCP (IDIR loss),30000.0,a=30000,3.0,10,0.9829379566288692,0.1674452211244782,1.1133316779465994,0.125145068591947,1.220929408125928,0.121980884488029,1.117066004446432,0.1249417596904158,0.145675281658158,0.0430772636366277,0.0,0.0,0.0007872817490495,0.0004745228709377,0.0076720580155628,0.0031273824164887,,,,,,,lungct10,direct_cp_32_16_8_4_global_ncc_fd_be,MR-D-BSCP (IDIR loss),directcp_multistage,0.001,0.001,2500,2500,,2500 idir_fdbe 30000,idir_fdbe,v009_schedule_refresh,True,True,False,False,,,,,,,,,,,
direct_cp_32_16_8_4_global_ncc_fd_be,MR-D-BSCP (IDIR loss),100000.0,a=100000,10.0,10,1.012879199181956,0.1895211872590386,1.150090891745705,0.141075494778325,1.25778450400023,0.1290479302494305,1.1563223706303511,0.1424158586644039,0.1181065165863586,0.0334288345129698,0.0,0.0,0.000298995932761,0.0001462034196081,0.0062454729096574,0.0025963680000143,,,,,,,lungct10,direct_cp_32_16_8_4_global_ncc_fd_be,MR-D-BSCP (IDIR loss),directcp_multistage,0.001,0.001,2500,2500,,2500 idir_fdbe 100000,idir_fdbe,v009_schedule_refresh,True,True,False,False,,,,,,,,,,,
direct_cp_32_16_8_4_ptv_lcc_isotv,MR-D-BSCP (pTVReg loss),0.011,w=0.011,0.1999999999999999,10,0.977636346874825,0.1739840313722453,1.0784385418271576,0.136601619090846,1.1973180938858687,0.1239578243283953,1.07869348811051,0.1353643390974533,0.3927503591024243,0.08738599783169,0.3240477023761297,0.2655008147160854,0.030736059496117,0.0102344067061985,0.0343477014145281,0.0110558928771642,,,,,,,lungct10,direct_cp_32_16_8_4_ptv_lcc_isotv,MR-D-BSCP (pTVReg loss),directcp_multistage,0.001,0.001,2500,2500,,2500 ptv 0.011,ptv,v009_schedule_refresh,True,True,False,False,,,,,,,,,,,
direct_cp_32_16_8_4_ptv_lcc_isotv,MR-D-BSCP (pTVReg loss),0.033,w=0.033,0.6,10,0.9355235123348196,0.148127186910257,1.0529006644442431,0.1279639264017568,1.1641451947568224,0.1180886263144784,1.0538077069393903,0.1266741494109841,0.2678360112104782,0.0661847434883593,0.0746067298423176,0.0731095724735696,0.0099665737670322,0.0037325829220148,0.0183531768503428,0.0067142824633177,,,,,,,lungct10,direct_cp_32_16_8_4_ptv_lcc_isotv,MR-D-BSCP (pTVReg loss),directcp_multistage,0.001,0.001,2500,2500,,2500 ptv 0.033,ptv,v009_schedule_refresh,True,True,False,False,,,,,,,,,,,
direct_cp_32_16_8_4_ptv_lcc_isotv,MR-D-BSCP (pTVReg loss),0.055,w=0.055,1.0,10,0.9168021354607868,0.1480938079308436,1.0478381281640512,0.1239304712523634,1.162059471367331,0.1147555262871564,1.0492962717019003,0.1224004231128823,0.2237128949379387,0.0576221218457782,0.0367555516472796,0.0415351333522817,0.0055139049201313,0.0021448000748708,0.0139996884219357,0.0054942849303943,,,,,,,lungct10,direct_cp_32_16_8_4_ptv_lcc_isotv,MR-D-BSCP (pTVReg loss),directcp_multistage,0.001,0.001,2500,2500,,2500 ptv 0.055,ptv,v009_schedule_refresh,True,True,False,False,,,,,,,,,,,
direct_cp_32_16_8_4_ptv_lcc_isotv,MR-D-BSCP (pTVReg loss),0.11,w=0.11,2.0,10,0.9237887264387634,0.1518387119979221,1.0493069363760263,0.1193706078679391,1.1683240543074185,0.1148313214919872,1.0517796495060363,0.1177931790252283,0.1799732044864665,0.049584848583691,0.0137465074150886,0.0191050658554919,0.0025284297585668,0.0010391911291517,0.0103260756612503,0.0044098285083705,,,,,,,lungct10,direct_cp_32_16_8_4_ptv_lcc_isotv,MR-D-BSCP (pTVReg loss),directcp_multistage,0.001,0.001,2500,2500,,2500 ptv 0.11,ptv,v009_schedule_refresh,True,True,False,False,,,,,,,,,,,
direct_cp_32_16_8_4_ptv_lcc_isotv,MR-D-BSCP (pTVReg loss),0.33,w=0.33,6.0,10,0.9515816822339558,0.1523495431038135,1.0727133019263917,0.1148502321232257,1.196406534010991,0.1119481870655588,1.0785602055781234,0.1137733264926688,0.1332205254321266,0.04007966529965,0.0003462239549212,0.0004664283354345,0.0008371570652213,0.0003952773882218,0.0070128959506036,0.0033577875873363,,,,,,,lungct10,direct_cp_32_16_8_4_ptv_lcc_isotv,MR-D-BSCP (pTVReg loss),directcp_multistage,0.001,0.001,2500,2500,,2500 ptv 0.33,ptv,v009_schedule_refresh,True,True,False,False,,,,,,,,,,,
direct_cp_32_16_8_4_ptv_lcc_isotv,MR-D-BSCP pTV-LCC+isoTV legacy w=0.022,0.022,w=0.022*,0.4,10,0.9506249853936346,0.159516540977804,1.0588138645457137,0.1307132688465856,1.172043015515336,0.1161060873781319,1.059404942143543,0.1293356527021356,0.3103080928466826,0.0740383955128687,0.1315955803804476,0.1209699505472454,0.0156645523893084,0.0056285993144217,0.023238657899868,0.00812030568181,8.954979453319478,2.980460522270235,18.88053573374928,5.769036882429894,24.828240504355417,6.263963573286582,lungct10,direct_cp_32_16_8_4_ptv_lcc_isotv,MR-D-BSCP (pTVReg loss),directcp_multistage,0.001,1e-3,2400_legacy_context,both,legacy_context,,,legacy_w0022_refined_context,True,True,False,True,,,,,,,,,,,
dual_inr_pl1a_author_blur_native_loss,Dual-INR PL1A original DUAL loss,0.01,m=0.01,0.01,10,1.0434173698469738,0.1780917535105261,1.1307021930474717,0.1424783998643851,,,,,0.3000410709791218,0.097196668272465,0.0381304991397247,0.0721530356568447,,,,,,,,,,,lungct10,dual_inr_pl1a_author_blur_native_loss,Dual-INR PL1A,dual_inr,,,dual_author,,,,,dual_inr_pl1a_stage2_stage3,False,True,False,False,m0p01,,,,,,,,,,
dual_inr_pl1a_author_blur_native_loss,Dual-INR PL1A original DUAL loss,0.1,m=0.1,0.1,10,0.990922682678698,0.1657348496038153,1.1028202122374149,0.1325620076692262,,,,,0.2016511714844249,0.0563791528009497,0.0013581268337944,0.0023133974286243,,,,,,,,,,,lungct10,dual_inr_pl1a_author_blur_native_loss,Dual-INR PL1A,dual_inr,,,dual_author,,,,,dual_inr_pl1a_stage2_stage3,False,True,False,False,m0p1,,,,,,,,,,
dual_inr_pl1a_author_blur_native_loss,Dual-INR PL1A original DUAL loss,1.0,m=1,1.0,10,0.975802232336702,0.1751748515450545,1.1106307800848767,0.1281167053710305,,,,,0.1434078693177579,0.0374109949619101,0.0,0.0,,,,,,,,,,,lungct10,dual_inr_pl1a_author_blur_native_loss,Dual-INR PL1A,dual_inr,,,dual_author,,,,,dual_inr_pl1a_stage2_stage3,False,True,False,False,m1,,,,,,,,,,
dual_inr_pl1a_author_blur_native_loss,Dual-INR PL1A original DUAL loss,10.0,m=10,10.0,10,1.0402802367231303,0.2021883242078637,1.16161980356074,0.1518965081191745,,,,,0.1267179476935439,0.0344030770088531,0.0,0.0,,,,,,,,,,,lungct10,dual_inr_pl1a_author_blur_native_loss,Dual-INR PL1A,dual_inr,,,dual_author,,,,,dual_inr_pl1a_stage2_stage3,False,True,False,False,m10,,,,,,,,,,
dual_inr_pl1a_author_blur_native_loss,Dual-INR PL1A original DUAL loss,0.3333333333333333,m=0.333333,0.3333333333333333,10,0.977087498888652,0.1647749047326816,1.0994254847091125,0.128394257041717,,,,,0.1659736379954021,0.0431165437104257,8.279897329273116e-05,0.0002618333435284,,,,,,,,,,,lungct10,dual_inr_pl1a_author_blur_native_loss,Dual-INR PL1A,dual_inr,,,dual_author,,,,,dual_inr_pl1a_stage2_stage3,False,True,False,False,m0p33333333,,,,,,,,,,
dual_inr_pl1a_author_blur_native_loss,Dual-INR PL1A original DUAL loss,3.0,m=3,3.0,10,1.005883219871666,0.1815449501417524,1.1316055847064783,0.1361988383766423,,,,,0.131269601820207,0.0350027664838147,0.0,0.0,,,,,,,,,,,lungct10,dual_inr_pl1a_author_blur_native_loss,Dual-INR PL1A,dual_inr,,,dual_author,,,,,dual_inr_pl1a_stage2_stage3,False,True,False,False,m3,,,,,,,,,,
direct_cp_cps4_global_ncc_fd_be,D-BSCP cps4 (FD-BE),10000.0,a=10000,1.0,10,3.8939052760537223,3.278084756795575,4.006577264490385,3.2445378795471886,4.132004818849232,3.2573152861979344,4.034969644340871,3.271774285224139,0.42652510683043277,0.22379537257109153,1.4257314847784923,1.5364645237630195,0.00583994474174317,0.004897512364787119,0.03118898785542274,0.023445689806266684,,,,,,,lungct10,direct_cp_cps4_global_ncc_fd_be,D-BSCP cps4 (FD-BE),directcp,0.001,1e-3,2500,,,,,fit_modes_population_n10_plus_fdbe_cps4_alpha_extension,False,True,False,False,,0.00527928471565243,0.0033939774924193634,0.058817452192306476,0.03407744734889523,-0.9947207152843476,0.003393977492419374,1.8393132350524866e-07,1.33885061416603e-07,full_crop_global_ncc,dense_forward_difference_be
direct_cp_cps4_global_ncc_fd_be,D-BSCP cps4 (FD-BE),20000.0,a=20000,2.0,10,2.7431267158034123,2.8644229113503665,2.8773725040358276,2.83826706806491,2.9927551736238813,2.8504789780274753,2.897661418507888,2.8645914825441277,0.2853877709963652,0.17742096001887295,0.4920372791714188,0.6526442262146943,0.00214874089002414,0.0018509615281944406,0.017402801041138612,0.01428434362300181,,,,,,,lungct10,direct_cp_cps4_global_ncc_fd_be,D-BSCP cps4 (FD-BE),directcp,0.001,1e-3,2500,,,,,fit_modes_population_n10_plus_fdbe_cps4_alpha_extension,False,True,False,False,,0.00490792393684381,0.0031600469280581665,0.05323569178581232,0.03257249365285426,-0.9950920760631561,0.003160046928058201,7.333892089178562e-08,5.327622207969813e-08,full_crop_global_ncc,dense_forward_difference_be
direct_cp_cps4_global_ncc_fd_be,D-BSCP cps4 (FD-BE),50000.0,a=50000,5.0,10,1.3057796489953803,0.7495501936561937,1.4330842799578554,0.7172285474658027,1.5469855598571407,0.7232245799662685,1.44125413214987,0.7244219957323871,0.15923513850450757,0.07026023366438565,0.0749090616319625,0.15797514796377538,0.0006062583188863201,0.0003197635572942846,0.00819974003867643,0.004738832804767698,,,,,,,lungct10,direct_cp_cps4_global_ncc_fd_be,D-BSCP cps4 (FD-BE),directcp,0.001,1e-3,2500,,,,,fit_modes_population_n10_plus_fdbe_cps4_alpha_extension,False,True,False,False,,0.004582798480987499,0.0024943011126264568,0.04642737507820126,0.019365840298924363,-0.9954172015190125,0.002494301112626447,2.474838378674349e-08,1.119572145787687e-08,full_crop_global_ncc,dense_forward_difference_be
direct_cp_cps4_global_ncc_fd_be,D-BSCP cps4 (FD-BE),100000.0,a=100000,10.0,10,1.0156895270142117,0.18963862276553511,1.1522798544101913,0.14311949453828593,1.2584224403961486,0.13473358520513753,1.1586372804395975,0.14444457379029846,0.11817621977234057,0.033335441647440095,0.0,0.0,0.0002999563477436402,0.00014599240531177888,0.006269736303971771,0.002600747091771577,,,,,,,lungct10,direct_cp_cps4_global_ncc_fd_be,D-BSCP cps4 (FD-BE),directcp,0.001,1e-3,2500,,,,,fit_modes_population_n10_plus_fdbe_cps4_alpha_extension,False,True,False,False,,0.0048651039600371895,0.002775091279528344,0.04620640873908991,0.015737382523901992,-0.9951348960399627,0.0027750912795283305,1.3464970427534694e-08,5.102761899368722e-09,full_crop_global_ncc,dense_forward_difference_be
direct_cp_cps4_global_ncc_fd_be,D-BSCP cps4 (FD-BE),200000.0,a=200000,20.0,10,1.0571859373435704,0.21781355956360565,1.1900694560389633,0.16404716308769624,1.293507630696483,0.15584371267606925,1.1980319187930681,0.16643299709510587,0.10651522336596428,0.03006169052583978,0.0,0.0,0.00017593771952498276,7.802829339042711e-05,0.00569176104494688,0.0024247191495034575,,,,,,,lungct10,direct_cp_cps4_global_ncc_fd_be,D-BSCP cps4 (FD-BE),directcp,0.001,1e-3,2500,,,,,fit_modes_population_n10_plus_fdbe_cps4_alpha_extension,False,True,False,False,,0.0055813014507293205,0.0030541619926583176,0.05211830735206598,0.016897445449244198,-0.9944186985492707,0.0030541619926582942,8.280654473225013e-09,3.0498601804606023e-09,full_crop_global_ncc,dense_forward_difference_be
direct_cp_cps4_global_ncc_fd_be,D-BSCP cps4 (FD-BE),500000.0,a=500000,50.0,10,1.143555814480827,0.2483058044361672,1.2540535164287525,0.2010386547262725,1.3589481742857716,0.19325787844148712,1.2644122690307946,0.20487896076989498,0.09402497923450041,0.026529402531850745,0.0,0.0,8.780525498206564e-05,3.63484210938118e-05,0.00502715612917109,0.002228209345343423,,,,,,,lungct10,direct_cp_cps4_global_ncc_fd_be,D-BSCP cps4 (FD-BE),directcp,0.001,1e-3,2500,,,,,fit_modes_population_n10_plus_fdbe_cps4_alpha_extension,False,True,False,False,,0.006808769702911331,0.0034623416414155677,0.06203520298004147,0.018732955433099194,-0.9931912302970887,0.003462341641415545,4.325977265295933e-09,1.6088553839852802e-09,full_crop_global_ncc,dense_forward_difference_be
direct_cp_cps4_global_ncc_fd_be,D-BSCP cps4 (FD-BE),1000000.0,a=1e+06,100.0,10,1.208665893104625,0.26492826156770544,1.3122689267284473,0.22905513198128177,1.4147077405911292,0.22130933752497314,1.324652760284986,0.23422087066436378,0.08572445188761242,0.024397782902657452,0.0,0.0,5.1788926635117724e-05,2.1069880425491478e-05,0.0045488196278925305,0.0020990728270372026,,,,,,,lungct10,direct_cp_cps4_global_ncc_fd_be,D-BSCP cps4 (FD-BE),directcp,0.001,1e-3,2500,,,,,fit_modes_population_n10_plus_fdbe_cps4_alpha_extension,False,True,False,False,,0.0080009818077087,0.003826393400739105,0.07152752280235283,0.02086651200768214,-0.9919990181922913,0.003826393400739147,2.6234182159967647e-09,9.968457115710623e-10,full_crop_global_ncc,dense_forward_difference_be
sinr_cps4_global_ncc_fd_be,INR-BSCP cps4 (FD-BE),10000.0,a=10000,1.0,10,1.7617957443804848,1.7469045873158362,1.8767277465201702,1.7158114795005497,1.9937226577443945,1.7219287145219255,1.8881661633891529,1.7326350495750977,0.23598097938124765,0.11507615593523272,0.2308260776222108,0.35657950005661826,0.0020947024352683604,0.0014768453034947723,0.01377520309425879,0.009869955785952844,,,,,,,lungct10,sinr_cps4_global_ncc_fd_be,INR-BSCP cps4 (FD-BE),sinr,0.0001,1e-4,2500,,,,,fit_modes_population_n10_plus_fdbe_cps4_alpha_extension,False,True,False,False,,0.004149079322814901,0.0023799920057241035,0.0430416882038116,0.02165992951000572,-0.9958509206771851,0.002379992005724102,8.500447030712621e-08,4.968041632571174e-08,full_crop_global_ncc,dense_forward_difference_be
sinr_cps4_global_ncc_fd_be,INR-BSCP cps4 (FD-BE),20000.0,a=20000,2.0,10,1.474033397714704,1.5180110595682257,1.6015268601730868,1.4932787690326341,1.7116859179073465,1.5037008545871287,1.610221745406207,1.5085471921666938,0.17953936342858626,0.08208099216622056,0.06586187203300133,0.18951799630492758,0.0010861077672342598,0.0007052570863868254,0.00996338302417584,0.00700504665471748,,,,,,,lungct10,sinr_cps4_global_ncc_fd_be,INR-BSCP cps4 (FD-BE),sinr,0.0001,1e-4,2500,,,,,fit_modes_population_n10_plus_fdbe_cps4_alpha_extension,False,True,False,False,,0.0043128967285155796,0.002519356596373288,0.0440245389938354,0.02170813307189083,-0.9956871032714844,0.0025193565963732936,4.663597685805598e-08,2.5373792482941244e-08,full_crop_global_ncc,dense_forward_difference_be
sinr_cps4_global_ncc_fd_be,INR-BSCP cps4 (FD-BE),50000.0,a=50000,5.0,10,1.0419607252449736,0.2097505832509452,1.1661937728526526,0.16664430835947908,1.2746243932129253,0.16232805880360643,1.1725848942528354,0.16838493467335086,0.13511848714671407,0.03764724625300196,0.0,0.0,0.00047276676502578004,0.00022645179599939413,0.007091129601270329,0.002877809622705717,,,,,,,lungct10,sinr_cps4_global_ncc_fd_be,INR-BSCP cps4 (FD-BE),sinr,0.0001,1e-4,2500,,,,,fit_modes_population_n10_plus_fdbe_cps4_alpha_extension,False,True,False,False,,0.0047028005123138,0.0026242628918712544,0.04496395587921137,0.015004561165955261,-0.9952971994876861,0.00262426289187125,2.256426467894812e-08,7.717730510498026e-09,full_crop_global_ncc,dense_forward_difference_be
sinr_cps4_global_ncc_fd_be,INR-BSCP cps4 (FD-BE),100000.0,a=100000,10.0,10,1.0433259952446015,0.16217745827643526,1.1704477029273472,0.12643295731171011,1.2714179408940671,0.11870442734103549,1.177388201295037,0.12816226596988708,0.1193167814902624,0.03210848639127227,0.0,0.0,0.00029470281071541,0.00011157131618244453,0.006270854139629618,0.0025098482021749307,,,,,,,lungct10,sinr_cps4_global_ncc_fd_be,INR-BSCP cps4 (FD-BE),sinr,0.0001,1e-4,2500,,,,,fit_modes_population_n10_plus_fdbe_cps4_alpha_extension,False,True,False,False,,0.00529484748840328,0.002776404104458366,0.05004246830940242,0.01567980748102323,-0.9947051525115966,0.002776404104458408,1.5310542567092966e-08,5.871544269408106e-09,full_crop_global_ncc,dense_forward_difference_be
sinr_cps4_global_ncc_fd_be,INR-BSCP cps4 (FD-BE),200000.0,a=200000,20.0,10,1.069027742174684,0.21644885105612355,1.1931718562295892,0.16610884637116247,1.295118541678235,0.1541803403891437,1.2013075508586175,0.16924174362507705,0.10676597853333722,0.029933756423902665,0.0,0.0,0.0001668112440335137,7.150295401197641e-05,0.0056547994393306,0.002399432316371934,,,,,,,lungct10,sinr_cps4_global_ncc_fd_be,INR-BSCP cps4 (FD-BE),sinr,0.0001,1e-4,2500,,,,,fit_modes_population_n10_plus_fdbe_cps4_alpha_extension,False,True,False,False,,0.00581948757171626,0.0031539263299695214,0.05384908914566035,0.017101379829873573,-0.9941805124282836,0.0031539263299695227,8.152427377616788e-09,3.0062735553267e-09,full_crop_global_ncc,dense_forward_difference_be
sinr_cps4_global_ncc_fd_be,INR-BSCP cps4 (FD-BE),500000.0,a=500000,50.0,10,1.1564353597849975,0.2555859030665633,1.2597942217830795,0.2024880145015349,1.3636689811080056,0.19331355772095893,1.2713365551770812,0.20712483642778148,0.09401207642626305,0.02649073646379031,0.0,0.0,8.528915619292554e-05,3.490584304457468e-05,0.00499126463376723,0.002215494808881788,,,,,,,lungct10,sinr_cps4_global_ncc_fd_be,INR-BSCP cps4 (FD-BE),sinr,0.0001,1e-4,2500,,,,,fit_modes_population_n10_plus_fdbe_cps4_alpha_extension,False,True,False,False,,0.0070535421371459486,0.0035087935184111977,0.06405783295631404,0.01902523205715579,-0.992946457862854,0.0035087935184111834,4.287427946003674e-09,1.6051472041959352e-09,full_crop_global_ncc,dense_forward_difference_be
sinr_cps4_global_ncc_fd_be,INR-BSCP cps4 (FD-BE),1000000.0,a=1e+06,100.0,10,1.2181827903961264,0.26588300376388185,1.3160435796537402,0.23113442813850082,1.416619630870141,0.22640918067682222,1.3282773819374258,0.23639084119414008,0.08582556413179261,0.024444495255982922,0.0,0.0,5.0811134050407966e-05,2.0670310062246383e-05,0.00452668699384445,0.002092441618070584,,,,,,,lungct10,sinr_cps4_global_ncc_fd_be,INR-BSCP cps4 (FD-BE),sinr,0.0001,1e-4,2500,,,,,fit_modes_population_n10_plus_fdbe_cps4_alpha_extension,False,True,False,False,,0.00817337036132807,0.003863340293553647,0.0727530241012573,0.021203959682933867,-0.9918266296386719,0.0038633402935536465,2.609361493544071e-09,9.996336311613972e-10,full_crop_global_ncc,dense_forward_difference_be
