method_key,method_label,alpha,lr,n_cases,dice_mean_n,dice_mean_mean,dice_mean_std,dice_mean_median,dice_mean_min,dice_mean_max,hd95_mean_n,hd95_mean_mean,hd95_mean_std,hd95_mean_median,hd95_mean_min,hd95_mean_max,jdet_le0_pct_fg_n,jdet_le0_pct_fg_mean,jdet_le0_pct_fg_std,jdet_le0_pct_fg_median,jdet_le0_pct_fg_min,jdet_le0_pct_fg_max,log_jdet_std_fg_n,log_jdet_std_fg_mean,log_jdet_std_fg_std,log_jdet_std_fg_median,log_jdet_std_fg_min,log_jdet_std_fg_max,dataset,method_id,display_method
idir_original_dense_siren_be_autograd,IDIR,0.0,0.0001,100,100,0.7453077607579921,0.0355497378484973,0.7525814234316965,0.6219213337842147,0.8093648238731783,100,3.504260149016628,1.1923382381463767,3.315415263378296,1.818859359836079,8.191311064906694,100,15.079304120812347,2.8664976830515805,14.531563364004995,9.925796390459452,22.530487000265943,100,1.185582245457281,0.0817372325073988,1.1711450360933957,1.050580660644456,1.4344775929133535,oasis100,idir_original_dense_siren_be_autograd,INR-Dense
idir_original_dense_siren_be_autograd,IDIR,0.01,0.0001,100,100,0.7538638617882641,0.0346325455447572,0.7577059922532162,0.6478309767464071,0.8161523097234425,100,3.2666956637243185,1.0607685455134643,3.128161657747583,1.7563597167235838,7.975016247242911,100,12.631887511417958,2.553079039750452,12.264307913267643,8.243734553826492,20.30220042347849,100,1.139599000479988,0.0857115590762962,1.1178364146407185,0.9969222491340336,1.414640784530082,oasis100,idir_original_dense_siren_be_autograd,INR-Dense
idir_original_dense_siren_be_autograd,IDIR,0.1,0.0001,100,100,0.7696103939043519,0.032576557692167,0.772536538633751,0.6678266018147969,0.8240731654453892,100,2.7660076331621517,1.006352461211505,2.52859533823154,1.5548795761041034,7.189386747649368,100,6.902845614027041,1.708141541336296,6.688138483809988,3.8151961932589193,12.290644041015677,100,0.9807404868037676,0.0965464853840426,0.9593412948664684,0.7973977594805162,1.345845395963705,oasis100,idir_original_dense_siren_be_autograd,INR-Dense
idir_original_dense_siren_be_autograd,IDIR,1.0,0.0001,100,100,0.7794762267142445,0.0296308059004329,0.7872132226262638,0.6895436737056937,0.8263122233818794,100,2.3447724618337715,0.7232097244501184,2.227223284072504,1.34870932068717,6.5283822767152895,100,2.039538641687099,0.7130455607058581,1.9382062822439832,0.9988896960530952,5.30682912149207,100,0.7337542720972433,0.0931069977507699,0.7097213312495141,0.5897780849200122,1.1687523732761578,oasis100,idir_original_dense_siren_be_autograd,INR-Dense
idir_original_dense_siren_be_autograd,IDIR,10.0,0.0001,100,100,0.7572779396237567,0.0350945388932771,0.7654534867599916,0.6205508768708919,0.8086603593085174,100,2.340661416717027,0.6089939269224465,2.249339388503813,1.4542503187394111,4.716136304873621,100,0.163937369648584,0.2866064906477102,0.0823416876624694,9.96597615739864e-05,2.3306644173579496,100,0.4393014719507835,0.0914138476708306,0.419734882362064,0.3337776070384883,0.9208710156034308,oasis100,idir_original_dense_siren_be_autograd,INR-Dense
idir_original_dense_siren_be_autograd,IDIR,100.0,0.0001,100,100,0.7117810539056485,0.0491885225814799,0.724565660606719,0.5171719764948591,0.7774028116044156,100,2.7037768854859907,0.7507793471689493,2.5607190764537,1.6457704176600716,5.290836401064498,100,0.0102572672247854,0.0738677079753686,0.0,0.0,0.699808691162109,100,0.2170637761227627,0.0850534181682934,0.2008950470487468,0.143512308632969,0.7612705960455926,oasis100,idir_original_dense_siren_be_autograd,INR-Dense
sinr_cps4_be_bspline_analytic,SINR cps4,0.0,0.0001,100,100,0.7761607994354239,0.0380644162693492,0.786741134463508,0.6381644676533975,0.8334594696802357,100,2.993865906849047,0.9180621149349356,2.8043742541484877,1.6754255134496616,5.468197890299815,100,20.09159071841527,2.967504415666524,19.55838498250577,15.193499579933434,27.64811089208607,100,1.2858237100334626,0.0849681098150777,1.2666497411746596,1.1588119501356455,1.568482589371615,oasis100,sinr_cps4_be_bspline_analytic,INR-BSCP (cps4)
sinr_cps4_be_bspline_analytic,SINR cps4,10.0,0.0001,100,100,0.7789300130283279,0.0377821487889775,0.7874585897992645,0.6406186661025328,0.8355077189533207,100,2.933615277488634,0.9147795932680072,2.737196877999253,1.641009387851625,5.5249235194309,100,18.242484956013804,2.979196976683672,17.602485548367284,13.341428063857814,25.9021249038241,100,1.2640653671967232,0.0898409085243758,1.2455302363764624,1.1268259321888752,1.5533794106943106,oasis100,sinr_cps4_be_bspline_analytic,INR-BSCP (cps4)
sinr_cps4_be_bspline_analytic,SINR cps4,100.0,0.0001,100,100,0.78704526163249,0.0360544679617774,0.7936977342510503,0.6514224485399017,0.842058378062593,100,2.6996455174540044,0.8569687901335963,2.5711366084255096,1.4696441941995924,5.323162996424335,100,12.468512216914869,2.728773349761246,11.643801438819706,7.566355305998833,19.15017042674695,100,1.1635198585350373,0.1076120803316741,1.1397327622144204,0.98783369850647,1.5214939199059594,oasis100,sinr_cps4_be_bspline_analytic,INR-BSCP (cps4)
sinr_cps4_be_bspline_analytic,SINR cps4,1000.0,0.0001,100,100,0.7960996949356561,0.0326534102553204,0.8033398962988928,0.6836234695814092,0.8490744568316753,100,2.3751095034550813,0.7556980791276782,2.2121406630870197,1.3054133753373436,4.85637092066322,100,5.446263436365499,1.504215011951575,5.095894723668977,2.8565343002655275,9.582723457988132,100,0.942859325195437,0.1175269034167315,0.9087406075818336,0.749520790197185,1.42129534404819,oasis100,sinr_cps4_be_bspline_analytic,INR-BSCP (cps4)
sinr_cps4_be_bspline_analytic,SINR cps4,10000.0,0.0001,100,100,0.7903628546112879,0.0305041306734509,0.7981163209942859,0.674473809018666,0.8363232352249028,100,2.193512468136513,0.619762477319656,2.0316534746526878,1.310691040894281,4.6264528798439,100,1.315738443878855,0.5436110165601131,1.2070575553870122,0.4349531572914255,3.605201419501956,100,0.6774532720940663,0.1044698316713564,0.6485057913035281,0.4937693731566,1.167151051487632,oasis100,sinr_cps4_be_bspline_analytic,INR-BSCP (cps4)
sinr_cps4_be_bspline_analytic,SINR cps4,100000.0,0.0001,100,100,0.7600110311838432,0.0364635941614357,0.7698612296920486,0.614245672677947,0.8109752653453329,100,2.3342851093394854,0.6278563859264372,2.159193498035166,1.3955153682500514,4.837329877418092,100,0.0757337314919525,0.2207953616474006,0.0236226113111966,0.0,1.94911580465438,100,0.3815780058446321,0.0945680168588597,0.3629525606734223,0.2644761714351771,0.896452241953465,oasis100,sinr_cps4_be_bspline_analytic,INR-BSCP (cps4)
direct_cp_cps4_be_bspline_analytic,DirectCP cps4,0.0,0.001,100,100,0.7755402117537332,0.037588835052693,0.7848629235746076,0.6699453544844245,0.8331243935895518,100,2.908572045026984,0.8399965059548415,2.7360418277801584,1.5922472781068904,5.75938251742427,100,22.76847697727636,2.489253875796209,22.246390117844506,18.26694700961656,30.49156798697489,100,1.3015586752956907,0.0754163900686104,1.280161419039267,1.198085070132267,1.5703662731818144,oasis100,direct_cp_cps4_be_bspline_analytic,D-BSCP (cps4)
direct_cp_cps4_be_bspline_analytic,DirectCP cps4,10.0,0.001,100,100,0.7791849669308328,0.0373736350112303,0.7870426108334934,0.6746481161320482,0.8340604391498024,100,2.8159969909574096,0.8271035682663911,2.651729232288519,1.5587737673853528,5.701588169477809,100,20.308229112825973,2.7541033609582155,19.58595954932317,15.546462429598382,28.497250231938725,100,1.2733403228879263,0.0819274818973608,1.2507290060788798,1.154690562472963,1.5558601441723692,oasis100,direct_cp_cps4_be_bspline_analytic,D-BSCP (cps4)
direct_cp_cps4_be_bspline_analytic,DirectCP cps4,100.0,0.001,100,100,0.7893994043886378,0.0353889495053094,0.797312193311214,0.6803429006975779,0.8432461666830859,100,2.5925137243491934,0.7874434688975928,2.4350249608058565,1.337670238322828,5.386846716524994,100,13.022073540404357,2.634731028677273,12.208590687425346,8.470728909230441,20.619554125861868,100,1.1471075000457434,0.1026329949631519,1.1204492659302936,0.9768989057704864,1.487887127634248,oasis100,direct_cp_cps4_be_bspline_analytic,D-BSCP (cps4)
direct_cp_cps4_be_bspline_analytic,DirectCP cps4,1000.0,0.001,100,100,0.7993946705277416,0.0313461592903157,0.8067900181809478,0.6951480319442521,0.8476163895854383,100,2.286983159280356,0.6683087130935967,2.1233429624328526,1.3038554488474083,4.95925954077534,100,5.551555030669158,1.4402937336381871,5.287410667813733,2.8101928920688737,10.17892374212702,100,0.924333645787238,0.1181827235207679,0.880031137473784,0.7299123539190913,1.4102091156160437,oasis100,direct_cp_cps4_be_bspline_analytic,D-BSCP (cps4)
direct_cp_cps4_be_bspline_analytic,DirectCP cps4,10000.0,0.001,100,100,0.7932851596620547,0.0293591952545939,0.800657339564447,0.6966635156099278,0.8371745366210014,100,2.174136865436267,0.6023292305853226,2.0083268093561832,1.27794063032451,4.521719894009557,100,1.397422922347975,0.5544440604444392,1.297948063939404,0.4336594788971022,3.774754823746243,100,0.6791213423310899,0.1060830868005664,0.6505418958149569,0.5093829046704785,1.1893504536490118,oasis100,direct_cp_cps4_be_bspline_analytic,D-BSCP (cps4)
direct_cp_cps4_be_bspline_analytic,DirectCP cps4,100000.0,0.001,100,100,0.7612512608297162,0.0369805276962825,0.7707817465660549,0.612722972219077,0.8118197354315199,100,2.296764361793423,0.6160460713343783,2.1482690622648155,1.4446771793452986,4.7480130960456615,100,0.0740922367326157,0.2265009031130434,0.024893550343705,0.0,2.019620514679038,100,0.3814070910399206,0.0945425144301924,0.3642666514116042,0.2626026112973747,0.8874377912111764,oasis100,direct_cp_cps4_be_bspline_analytic,D-BSCP (cps4)
sinr_cps2_be_bspline_analytic,SINR cps2,0.0,0.0001,100,100,0.7777463099330834,0.0367486871522054,0.7824219748430419,0.646674201949379,0.8338163847422083,100,2.986132758511143,0.8668243449884299,2.8393173158118623,1.6818085792514372,5.847702818928562,100,23.43522653255081,2.8299615873361343,23.1448682569231,18.66719089409139,31.307819735397,100,1.3222143895759573,0.0724982187679409,1.3016416829879438,1.2218025356306392,1.5631515461271497,oasis100,sinr_cps2_be_bspline_analytic,INR-BSCP (cps2)
sinr_cps2_be_bspline_analytic,SINR cps2,10.0,0.0001,100,100,0.7837981198757126,0.0364748713051215,0.7906269934014947,0.6472139644508101,0.8369226320704272,100,2.844719038617368,0.8522109100952749,2.697127805743271,1.587063948395037,5.647541911154306,100,18.781285417505124,2.9663767711933,18.041414846314915,13.843236672455877,26.138580595915037,100,1.2759412849982803,0.0854218811188017,1.255522830591317,1.1486268221873723,1.5452380114394102,oasis100,sinr_cps2_be_bspline_analytic,INR-BSCP (cps2)
sinr_cps2_be_bspline_analytic,SINR cps2,100.0,0.0001,100,100,0.7926842371257377,0.0348818226608265,0.7977038453060761,0.6614944555243641,0.8481044999403099,100,2.5987309821944846,0.8113692064445537,2.4604222660434667,1.415116402288615,5.447844921355197,100,11.380192104634164,2.563489164701358,10.631962550858486,6.978932909376442,18.070056660041782,100,1.1429886987369855,0.1102528541219048,1.1089474020562629,0.9646731767737096,1.5093755246950142,oasis100,sinr_cps2_be_bspline_analytic,INR-BSCP (cps2)
sinr_cps2_be_bspline_analytic,SINR cps2,1000.0,0.0001,100,100,0.7990751792001802,0.0318920175000906,0.8067000803068405,0.6789425786224957,0.8543066371147623,100,2.3089307281873777,0.7169444696182562,2.1649389933883514,1.286528146888675,4.957095384529802,100,5.143983711877331,1.3810267858913452,4.814020212051156,2.532791282086112,9.050527662808951,100,0.9263695396750288,0.1196417345068159,0.8864835268522715,0.7244948886215167,1.4224576464141208,oasis100,sinr_cps2_be_bspline_analytic,INR-BSCP (cps2)
sinr_cps2_be_bspline_analytic,SINR cps2,10000.0,0.0001,100,100,0.7911036634076294,0.0299829045815016,0.7985099553858621,0.676628729524244,0.8347222331806955,100,2.1886711443495863,0.6432904289955106,2.0039816876741634,1.3030353496819629,4.65212401434955,100,1.330790035443237,0.5400278359870593,1.2376976141480762,0.4734862923223422,3.791218395154578,100,0.6752760666413706,0.1064628807260775,0.6472279182514031,0.4932889294224176,1.1768160303387063,oasis100,sinr_cps2_be_bspline_analytic,INR-BSCP (cps2)
sinr_cps2_be_bspline_analytic,SINR cps2,100000.0,0.0001,100,100,0.7604643131013566,0.0363663381311964,0.7697277408265344,0.6129002740381679,0.8096871983941257,100,2.3227381717070443,0.6185180021733182,2.1772068551142176,1.418482441887005,4.7529775764812765,100,0.0762961722408125,0.2272851793339858,0.0195899871140391,0.0,2.0241640327625072,100,0.3808056655517656,0.0940272171071452,0.3638668785761738,0.2609066628592355,0.8860327674423796,oasis100,sinr_cps2_be_bspline_analytic,INR-BSCP (cps2)
direct_cp_cps2_be_bspline_analytic,DirectCP cps2,0.0,0.001,100,100,0.7686062193755364,0.0443868020576632,0.7801052774736401,0.6449204092055949,0.8389904298939641,100,3.2807844632905203,1.058421885882631,2.984236950059342,1.7919872372731556,7.1771036274395525,100,30.82797847217428,2.0919209937867795,30.69520748094007,26.722913955139852,38.45040375839816,100,1.4658672208950223,0.0910678580963233,1.4364203990789548,1.3563018591989502,1.8884248732102968,oasis100,direct_cp_cps2_be_bspline_analytic,D-BSCP (cps2)
direct_cp_cps2_be_bspline_analytic,DirectCP cps2,10.0,0.001,100,100,0.7790872655176025,0.0435321563443917,0.7887822686660626,0.6626312141025069,0.8452390486501754,100,3.0516641513957405,1.0043022308842904,2.7610433638854195,1.6082794947104224,6.244557613443603,100,20.316478302815774,2.8996816233612,19.783271726991927,14.46069088894649,29.84599611823196,100,1.3406142252964544,0.1144572748206038,1.3122757874578692,1.170475686451514,1.820573378684765,oasis100,direct_cp_cps2_be_bspline_analytic,D-BSCP (cps2)
direct_cp_cps2_be_bspline_analytic,DirectCP cps2,100.0,0.001,100,100,0.7909152013085305,0.0406106607742807,0.7984496556779586,0.6689427641335606,0.8478604699993971,100,2.7477883303281767,0.9037781472015148,2.45362180451941,1.4082252726465032,5.518414382920183,100,11.574817086221772,2.1938510179951147,11.160863488485216,7.524125946984135,18.98570502304633,100,1.1345189140643572,0.1290269963878279,1.0907469122428577,0.9466447083377052,1.6404651511230897,oasis100,direct_cp_cps2_be_bspline_analytic,D-BSCP (cps2)
direct_cp_cps2_be_bspline_analytic,DirectCP cps2,1000.0,0.001,100,100,0.8049312478273839,0.0316747755319017,0.8107315632852663,0.7083392757228741,0.8546131413402321,100,2.329455783265824,0.6948994796601183,2.152582421876195,1.2905954027006152,4.653448163425611,100,5.491636439462475,1.3258795096449916,5.257583467098132,2.829367053984737,10.042992371700404,100,0.9188153386773787,0.1336176989744886,0.8696754073761448,0.7225943039966467,1.499722955414306,oasis100,direct_cp_cps2_be_bspline_analytic,D-BSCP (cps2)
direct_cp_cps2_be_bspline_analytic,DirectCP cps2,10000.0,0.001,100,100,0.7970525825675953,0.0289021206744714,0.8050477750597281,0.7030098719292807,0.8410088596263432,100,2.148305441206067,0.5967863451081514,1.963199503896928,1.27794063032451,4.637039952740268,100,1.445481741211575,0.5439797398375678,1.3383796333091502,0.4478437384348616,3.753052843253437,100,0.6786676921802639,0.1090068908754213,0.6495999840940877,0.499866110745166,1.2002019581585108,oasis100,direct_cp_cps2_be_bspline_analytic,D-BSCP (cps2)
direct_cp_cps2_be_bspline_analytic,DirectCP cps2,100000.0,0.001,100,100,0.7624172656267266,0.0365916882497078,0.7724447479039467,0.6158813495180112,0.8114033952180528,100,2.297119860188547,0.6109867113231284,2.159707462547826,1.4485294719661026,4.772274029071236,100,0.0754199810086362,0.2287164482415822,0.0204141149244127,0.0,2.0041191000413194,100,0.379985909204363,0.0952485309830818,0.3635799504309014,0.2658495996289196,0.8918770334059869,oasis100,direct_cp_cps2_be_bspline_analytic,D-BSCP (cps2)
direct_cp_8_4_2_be_bspline_analytic_multistage,DirectCP 8-4-2,0.0,0.001,100,100,0.7594587058788795,0.0423139529440691,0.770414962936363,0.6287910183397916,0.8220834079097573,100,3.410957362635584,0.899042342711679,3.319172566937718,1.9152216612710615,7.681704599693162,100,30.023022035635023,2.229094693447076,29.678151746617534,26.510571391784797,37.76091152594322,100,1.4211710271261373,0.0762395156033765,1.395035889102421,1.3371845616173352,1.765191395881183,oasis100,direct_cp_8_4_2_be_bspline_analytic_multistage,MR-D-BSCP (8-4-2)
direct_cp_8_4_2_be_bspline_analytic_multistage,DirectCP 8-4-2,10.0,0.001,100,100,0.7888824229476612,0.0386748608881833,0.7998353039157928,0.6774693756632867,0.8512012066210137,100,2.8312632710898176,0.8319513257328822,2.7460009783752177,1.615361717125437,6.783559053525322,100,16.542614343241564,2.810873552415586,15.893345962670637,12.006943276215145,25.456957649600675,100,1.2667276617306764,0.1089467249380211,1.2400999760611504,1.1214619350386297,1.7163823359717725,oasis100,direct_cp_8_4_2_be_bspline_analytic_multistage,MR-D-BSCP (8-4-2)
direct_cp_8_4_2_be_bspline_analytic_multistage,DirectCP 8-4-2,100.0,0.001,100,100,0.8046086823671339,0.0344078445151119,0.8126926675215543,0.6941168676927244,0.8615510131361083,100,2.426294185485408,0.7618616691567733,2.2739405332182185,1.2746934736780149,5.069508678707747,100,8.437650949481197,1.9165048325048133,7.957134265918244,5.379438183195026,14.154608971470449,100,1.0761377120473978,0.1354538547105854,1.0336042382312098,0.8910679571310618,1.6508141747103096,oasis100,direct_cp_8_4_2_be_bspline_analytic_multistage,MR-D-BSCP (8-4-2)
direct_cp_8_4_2_be_bspline_analytic_multistage,DirectCP 8-4-2,1000.0,0.001,100,100,0.8096185735236926,0.0304527702613838,0.8183406738948825,0.707596864780273,0.8633698373747268,100,2.1676505165220097,0.6293626949303844,2.0233171477986343,1.1871364707567014,4.4703408135277085,100,3.8623409331993326,1.1219065100365282,3.5922679617788926,2.101384970467721,8.018026541629048,100,0.8715292285424713,0.1359605074220307,0.8227802038931444,0.6811314765000034,1.475277113377733,oasis100,direct_cp_8_4_2_be_bspline_analytic_multistage,MR-D-BSCP (8-4-2)
direct_cp_8_4_2_be_bspline_analytic_multistage,DirectCP 8-4-2,10000.0,0.001,100,100,0.7983129811327447,0.0288869815129287,0.8053522027144517,0.6825204975282058,0.8423263098940797,100,2.104613798144146,0.5786707615140086,1.9699846980223343,1.2702849391121924,4.436657382868439,100,1.015814359485153,0.4863415055275852,0.9626256513881596,0.3574248592316197,3.5860117372435383,100,0.6415522524477837,0.1102555744873333,0.6132009973826295,0.467338735541133,1.1982952863741507,oasis100,direct_cp_8_4_2_be_bspline_analytic_multistage,MR-D-BSCP (8-4-2)
direct_cp_8_4_2_be_bspline_analytic_multistage,DirectCP 8-4-2,100000.0,0.001,100,100,0.7628993591060694,0.0361768435116305,0.7735548495840974,0.6192880161425633,0.814640318870134,100,2.297683701268494,0.6123181912886958,2.137833651291464,1.3939022036105042,4.776212515398774,100,0.0653391138705575,0.2314525382516205,0.0135712568429637,0.0,2.114232597123044,100,0.3676916953645273,0.0957690485945283,0.3517458941040894,0.2576186493914723,0.9049843817972424,oasis100,direct_cp_8_4_2_be_bspline_analytic_multistage,MR-D-BSCP (8-4-2)
bs1_vxm_v0_2,BS1 VoxelMorph,,,100,100,0.7681861469162066,0.0400274795884285,0.7764751839011568,0.6555190094031307,0.8287324230487317,100,2.5402112597896163,0.7220007058561753,2.390384656385165,1.4319720406012788,5.601588273432622,100,3.019078890306527,0.6418860571673205,2.9042411522812484,1.960800620596007,4.525472439837306,100,0.7332344575821359,0.0443574484612527,0.7220909303518857,0.652660268052775,0.8633687195630165,oasis100,bs1_vxm_v0_2,VoxelMorph
bs2_tm_v0,BS2 TransMorph,,,100,100,0.7953198253923763,0.0281500967215782,0.8021611082754015,0.7000415343773051,0.8347607931895916,100,2.148580371504057,0.5584667631908627,2.0551760208932395,1.426819472387023,4.899500425311989,100,2.227060444721692,0.4402255272808642,2.1765794871242288,1.3953060239525128,3.378014550885407,100,0.688394784700037,0.0475819022159744,0.6781527291992566,0.6028227050258221,0.887277915246714,oasis100,bs2_tm_v0,TransMorph
bs3_vfa_v0,BS3 VFA,,,100,100,0.8215880322276139,0.0233375662211439,0.8250144874828663,0.7512439951986303,0.8603223176441516,100,1.88479599578708,0.454243000626703,1.817258033167916,1.0759101214140678,4.299746776444149,100,0.1889326958732268,0.0544107535367895,0.1852802093387179,0.0972254530843572,0.3741453135418578,100,0.6133486374774858,0.0493146669642131,0.6052945115601491,0.5181796937398446,0.8566831860928222,oasis100,bs3_vfa_v0,VFA
bs4_sitreg_v0,BS4 SITReg,,,100,100,0.8246103440703386,0.022592707260508,0.8310639388614978,0.7525912707624548,0.8649069313231279,100,1.8157499296622828,0.4620204914318008,1.769048003102709,1.1044815499854967,4.353678975140171,100,0.0005021921090211,0.000377160403333,0.0004395927309746,0.0,0.0022043488928418,100,0.5661806852784769,0.0552132611963701,0.5535652772608837,0.4739587799430205,0.85448820238545,oasis100,bs4_sitreg_v0,SITReg
greedy,Greedy,,,100,100,0.808655389682052,0.0296131006177542,0.8171167763986833,0.7072136033306423,0.8587609365220207,100,2.01833512410346,0.5515759086498834,1.8660551573404105,1.1803916713995646,4.630983130774733,100,0.0064705204928457,0.0051322095982283,0.0053197790418799,9.292592131404689e-05,0.0283298562629958,100,0.5910467866397875,0.0504960891530728,0.5825162527802644,0.4860440505871654,0.7960236362760327,oasis100,greedy,Greedy
