candidate,method,method_label,config,cudnn_benchmark,cudnn_deterministic,cold_count,warm_count,cold_endpoint_sec,warm_endpoint_mean_sec,warm_endpoint_sd_sec,cold_actual_epochs,warm_actual_epochs_mean,cold_training_peak_mem_gb,warm_training_peak_mem_gb_mean
MR_baseline_lr1x_full,direct_cp_8_4_2_be_bspline_analytic_multistage,MR-D-BSCP (8-4-2),benchmark_false_deterministic_true,False,True,1,10,74.32158478721976,57.7246717620641,0.14177259213518728,2500.0,2500.0,1.9343290328979492,1.9343290328979492
MR_A_fast_decay,direct_cp_8_4_2_be_bspline_analytic_multistage,MR-D-BSCP (8-4-2),benchmark_false_deterministic_true,False,True,1,10,21.617269799113274,9.153695829585194,0.3379695904123431,450.0,437.5,1.9343290328979492,1.9343290328979492
D2_baseline_lr1x_full,direct_cp_cps2_be_bspline_analytic,D-BSCP (cps2),benchmark_false_deterministic_true,False,True,1,10,91.92350449040532,81.54554617218673,0.07635955369309151,2500.0,2500.0,1.8391127586364746,1.8386130332946777
D2_A_bal_lr10x,direct_cp_cps2_be_bspline_analytic,D-BSCP (cps2),benchmark_false_deterministic_true,False,True,1,10,22.637243445962667,13.143085785210133,1.3166440180265144,375.0,400.0,1.8391127586364746,1.8386130332946777
D4_baseline_lr1x_full,direct_cp_cps4_be_bspline_analytic,D-BSCP (cps4),benchmark_false_deterministic_true,False,True,1,10,93.17170420661569,82.35134974345564,0.17969391693589698,2500.0,2500.0,1.497218132019043,1.4969158172607422
D4_A_bal_lr10x,direct_cp_cps4_be_bspline_analytic,D-BSCP (cps4),benchmark_false_deterministic_true,False,True,1,10,25.298329539597034,15.85836165845394,1.7136364372470876,510.0,476.9,1.497218132019043,1.4969158172607422
S2_baseline_lr1x_full,sinr_cps2_be_bspline_analytic,INR-BSCP (cps2),benchmark_false_deterministic_true,False,True,1,10,284.7944267578423,273.4896063119173,0.3119941604808314,2500.0,2500.0,7.63280725479126,7.63280725479126
S2_A_bal_lr10x,sinr_cps2_be_bspline_analytic,INR-BSCP (cps2),benchmark_false_deterministic_true,False,True,1,10,116.65271867066622,89.49054332971573,10.690807422327788,968.0,820.8,7.63280725479126,7.63280725479126
S4_baseline_lr1x_full,sinr_cps4_be_bspline_analytic,INR-BSCP (cps4),benchmark_false_deterministic_true,False,True,1,10,121.1745518706739,110.70011704824864,0.44133948019172836,2500.0,2500.0,2.251936435699463,2.251936435699463
S4_A_bal_lr10x,sinr_cps4_be_bspline_analytic,INR-BSCP (cps4),benchmark_false_deterministic_true,False,True,1,10,39.65722839534283,29.941077898442746,5.43913648345386,605.0,671.2,2.251936435699463,2.251936435699463
