cudnn_benchmark,cudnn_deterministic,candidate,case_rank,timing_condition,status,done,fixed_id,moving_id,original_case_index,loaded_images_to_dvf_file_sec,actual_epochs
False,True,MR_baseline_lr1x_full,0,cold,completed,True,0333,0115,158,74.32158478721976,2500
False,True,MR_baseline_lr1x_full,0,warm,completed,True,0333,0115,158,57.674773424863815,2500
False,True,MR_baseline_lr1x_full,1,warm,completed,True,0113,0017,62,57.74884032830596,2500
False,True,MR_baseline_lr1x_full,2,warm,completed,True,0037,0394,14,57.49058968946338,2500
False,True,MR_baseline_lr1x_full,3,warm,completed,True,0117,0322,69,57.86143437772989,2500
False,True,MR_baseline_lr1x_full,4,warm,completed,True,0084,0108,47,57.93039535731077,2500
False,True,MR_baseline_lr1x_full,5,warm,completed,True,0288,0024,137,57.6870102211833,2500
False,True,MR_baseline_lr1x_full,6,warm,completed,True,0194,0184,110,57.87771989032626,2500
False,True,MR_baseline_lr1x_full,7,warm,completed,True,0014,0149,6,57.74118399247527,2500
False,True,MR_baseline_lr1x_full,8,warm,completed,True,0215,0326,116,57.70064686238766,2500
False,True,MR_baseline_lr1x_full,9,warm,completed,True,0173,0136,88,57.53412347659469,2500
False,True,MR_A_fast_decay,0,cold,completed,True,0333,0115,158,21.617269799113274,450
False,True,MR_A_fast_decay,0,warm,completed,True,0333,0115,158,9.092042244970798,450
False,True,MR_A_fast_decay,1,warm,completed,True,0113,0017,62,9.092753738164902,450
False,True,MR_A_fast_decay,2,warm,completed,True,0037,0394,14,8.85029474273324,425
False,True,MR_A_fast_decay,3,warm,completed,True,0117,0322,69,9.677221029996872,450
False,True,MR_A_fast_decay,4,warm,completed,True,0084,0108,47,8.981931902468204,425
False,True,MR_A_fast_decay,5,warm,completed,True,0288,0024,137,9.270656827837229,450
False,True,MR_A_fast_decay,6,warm,completed,True,0194,0184,110,8.966501656919718,425
False,True,MR_A_fast_decay,7,warm,completed,True,0014,0149,6,9.805738400667906,450
False,True,MR_A_fast_decay,8,warm,completed,True,0215,0326,116,9.005183536559343,425
False,True,MR_A_fast_decay,9,warm,completed,True,0173,0136,88,8.794634215533733,425
False,True,D2_baseline_lr1x_full,0,cold,completed,True,0333,0115,158,91.92350449040532,2500
False,True,D2_baseline_lr1x_full,0,warm,completed,True,0333,0115,158,81.48518759384751,2500
False,True,D2_baseline_lr1x_full,1,warm,completed,True,0113,0017,62,81.44014742597938,2500
False,True,D2_baseline_lr1x_full,2,warm,completed,True,0037,0394,14,81.49234033748507,2500
False,True,D2_baseline_lr1x_full,3,warm,completed,True,0117,0322,69,81.71696560457349,2500
False,True,D2_baseline_lr1x_full,4,warm,completed,True,0084,0108,47,81.5004549883306,2500
False,True,D2_baseline_lr1x_full,5,warm,completed,True,0288,0024,137,81.53921080753207,2500
False,True,D2_baseline_lr1x_full,6,warm,completed,True,0194,0184,110,81.5610059723258,2500
False,True,D2_baseline_lr1x_full,7,warm,completed,True,0014,0149,6,81.55999185144901,2500
False,True,D2_baseline_lr1x_full,8,warm,completed,True,0215,0326,116,81.59744936227798,2500
False,True,D2_baseline_lr1x_full,9,warm,completed,True,0173,0136,88,81.5627077780664,2500
False,True,D2_A_bal_lr10x,0,cold,completed,True,0333,0115,158,22.637243445962667,375
False,True,D2_A_bal_lr10x,0,warm,completed,True,0333,0115,158,12.313047785311937,375
False,True,D2_A_bal_lr10x,1,warm,completed,True,0113,0017,62,12.312642563134432,375
False,True,D2_A_bal_lr10x,2,warm,completed,True,0037,0394,14,12.31374341994524,375
False,True,D2_A_bal_lr10x,3,warm,completed,True,0117,0322,69,16.121868535876274,491
False,True,D2_A_bal_lr10x,4,warm,completed,True,0084,0108,47,12.36857608705759,375
False,True,D2_A_bal_lr10x,5,warm,completed,True,0288,0024,137,13.098059479147196,399
False,True,D2_A_bal_lr10x,6,warm,completed,True,0194,0184,110,12.317738335579634,375
False,True,D2_A_bal_lr10x,7,warm,completed,True,0014,0149,6,13.483160391449928,410
False,True,D2_A_bal_lr10x,8,warm,completed,True,0215,0326,116,12.340460829436779,375
False,True,D2_A_bal_lr10x,9,warm,completed,True,0173,0136,88,14.761560425162315,450
False,True,D4_baseline_lr1x_full,0,cold,completed,True,0333,0115,158,93.17170420661569,2500
False,True,D4_baseline_lr1x_full,0,warm,completed,True,0333,0115,158,82.61611907556653,2500
False,True,D4_baseline_lr1x_full,1,warm,completed,True,0113,0017,62,82.44113520905375,2500
False,True,D4_baseline_lr1x_full,2,warm,completed,True,0037,0394,14,82.6367429420352,2500
False,True,D4_baseline_lr1x_full,3,warm,completed,True,0117,0322,69,82.4613878056407,2500
False,True,D4_baseline_lr1x_full,4,warm,completed,True,0084,0108,47,82.30080891400576,2500
False,True,D4_baseline_lr1x_full,5,warm,completed,True,0288,0024,137,82.18234548345208,2500
False,True,D4_baseline_lr1x_full,6,warm,completed,True,0194,0184,110,82.21971344947815,2500
False,True,D4_baseline_lr1x_full,7,warm,completed,True,0014,0149,6,82.32385815680027,2500
False,True,D4_baseline_lr1x_full,8,warm,completed,True,0215,0326,116,82.18505593016744,2500
False,True,D4_baseline_lr1x_full,9,warm,completed,True,0173,0136,88,82.14633046835661,2500
False,True,D4_A_bal_lr10x,0,cold,completed,True,0333,0115,158,25.298329539597034,510
False,True,D4_A_bal_lr10x,0,warm,completed,True,0333,0115,158,16.99882034212351,510
False,True,D4_A_bal_lr10x,1,warm,completed,True,0113,0017,62,12.74021190032363,381
False,True,D4_A_bal_lr10x,2,warm,completed,True,0037,0394,14,17.605162356048822,530
False,True,D4_A_bal_lr10x,3,warm,completed,True,0117,0322,69,18.106690771877766,547
False,True,D4_A_bal_lr10x,4,warm,completed,True,0084,0108,47,15.061919555068016,454
False,True,D4_A_bal_lr10x,5,warm,completed,True,0288,0024,137,16.121454410254955,485
False,True,D4_A_bal_lr10x,6,warm,completed,True,0194,0184,110,17.529214821755886,528
False,True,D4_A_bal_lr10x,7,warm,completed,True,0014,0149,6,14.594884991645813,437
False,True,D4_A_bal_lr10x,8,warm,completed,True,0215,0326,116,14.455099944025278,435
False,True,D4_A_bal_lr10x,9,warm,completed,True,0173,0136,88,15.370157491415739,462
False,True,S2_baseline_lr1x_full,0,cold,completed,True,0333,0115,158,284.7944267578423,2500
False,True,S2_baseline_lr1x_full,0,warm,completed,True,0333,0115,158,273.59273977950215,2500
False,True,S2_baseline_lr1x_full,1,warm,completed,True,0113,0017,62,273.6048777885735,2500
False,True,S2_baseline_lr1x_full,2,warm,completed,True,0037,0394,14,273.59238700196147,2500
False,True,S2_baseline_lr1x_full,3,warm,completed,True,0117,0322,69,273.42122633755207,2500
False,True,S2_baseline_lr1x_full,4,warm,completed,True,0084,0108,47,273.6181119456887,2500
False,True,S2_baseline_lr1x_full,5,warm,completed,True,0288,0024,137,273.6838815957308,2500
False,True,S2_baseline_lr1x_full,6,warm,completed,True,0194,0184,110,274.01584250852466,2500
False,True,S2_baseline_lr1x_full,7,warm,completed,True,0014,0149,6,272.900599244982,2500
False,True,S2_baseline_lr1x_full,8,warm,completed,True,0215,0326,116,273.3500296846032,2500
False,True,S2_baseline_lr1x_full,9,warm,completed,True,0173,0136,88,273.1163672320545,2500
False,True,S2_A_bal_lr10x,0,cold,completed,True,0333,0115,158,116.65271867066622,968
False,True,S2_A_bal_lr10x,0,warm,completed,True,0333,0115,158,105.38348461315036,968
False,True,S2_A_bal_lr10x,1,warm,completed,True,0113,0017,62,81.28598058223724,745
False,True,S2_A_bal_lr10x,2,warm,completed,True,0037,0394,14,81.24448746442795,745
False,True,S2_A_bal_lr10x,3,warm,completed,True,0117,0322,69,84.28805969655514,772
False,True,S2_A_bal_lr10x,4,warm,completed,True,0084,0108,47,89.88763239979744,822
False,True,S2_A_bal_lr10x,5,warm,completed,True,0288,0024,137,76.92595949023962,705
False,True,S2_A_bal_lr10x,6,warm,completed,True,0194,0184,110,98.55325904861093,907
False,True,S2_A_bal_lr10x,7,warm,completed,True,0014,0149,6,93.59999454021454,860
False,True,S2_A_bal_lr10x,8,warm,completed,True,0215,0326,116,78.72822732105851,722
False,True,S2_A_bal_lr10x,9,warm,completed,True,0173,0136,88,105.00834814086556,962
False,True,S4_baseline_lr1x_full,0,cold,completed,True,0333,0115,158,121.1745518706739,2500
False,True,S4_baseline_lr1x_full,0,warm,completed,True,0333,0115,158,110.76539097726345,2500
False,True,S4_baseline_lr1x_full,1,warm,completed,True,0113,0017,62,111.43555860221386,2500
False,True,S4_baseline_lr1x_full,2,warm,completed,True,0037,0394,14,110.90572755038738,2500
False,True,S4_baseline_lr1x_full,3,warm,completed,True,0117,0322,69,110.67444971948862,2500
False,True,S4_baseline_lr1x_full,4,warm,completed,True,0084,0108,47,110.76496414467692,2500
False,True,S4_baseline_lr1x_full,5,warm,completed,True,0288,0024,137,110.99189959838986,2500
False,True,S4_baseline_lr1x_full,6,warm,completed,True,0194,0184,110,110.49763501435518,2500
False,True,S4_baseline_lr1x_full,7,warm,completed,True,0014,0149,6,109.72438177093863,2500
False,True,S4_baseline_lr1x_full,8,warm,completed,True,0215,0326,116,110.43362824618816,2500
False,True,S4_baseline_lr1x_full,9,warm,completed,True,0173,0136,88,110.8075348585844,2500
False,True,S4_A_bal_lr10x,0,cold,completed,True,0333,0115,158,39.65722839534283,605
False,True,S4_A_bal_lr10x,0,warm,completed,True,0333,0115,158,26.73173064365983,605
False,True,S4_A_bal_lr10x,1,warm,completed,True,0113,0017,62,27.59807898849249,615
False,True,S4_A_bal_lr10x,2,warm,completed,True,0037,0394,14,24.61748729273677,553
False,True,S4_A_bal_lr10x,3,warm,completed,True,0117,0322,69,28.131861608475447,629
False,True,S4_A_bal_lr10x,4,warm,completed,True,0084,0108,47,29.94673791527748,660
False,True,S4_A_bal_lr10x,5,warm,completed,True,0288,0024,137,37.343588560819626,835
False,True,S4_A_bal_lr10x,6,warm,completed,True,0194,0184,110,34.76746956631541,782
False,True,S4_A_bal_lr10x,7,warm,completed,True,0014,0149,6,32.726094532758,737
False,True,S4_A_bal_lr10x,8,warm,completed,True,0215,0326,116,20.702865172177553,465
False,True,S4_A_bal_lr10x,9,warm,completed,True,0173,0136,88,36.84486470371485,831
