release_id,neurite_subject,image_sha256,seg_sha256
0004,OASIS_OAS1_0004_MR1,79a30c7633a820ed702568e6ae2d1d1813af3dacc69254964d20fcb4f007a2cd,e594d927028fddbffc4dc4b4a82a2ed57e425a9686aaec2f275240caf784e307
0013,OASIS_OAS1_0014_MR1,69afeeb29774845c6e97156978e8c35b4539f8c164be340bc74df8c6ffcbd59c,b0798a90f26cfd87bd154a2c9032978e2d16023447f650788bd10ce64288ffee
0014,OASIS_OAS1_0015_MR1,2e595d525e14b069056c13ab8f5521d55237b6087ffd828f6dcbd02fddb862e6,ef1bfe9ecd9b694fbc0356a66cae8e0ddf926a3f63e7070000b3518a6a8be704
0016,OASIS_OAS1_0017_MR1,a34dd7a2bd2cc8374f2dfd4894b78f9d8380dc57d0f8bea599fe7e26a8fbbc2d,5f395c2f50577a5e0876f9be5c41b9970cabc87039787d583c6e053107f4c000
0017,OASIS_OAS1_0018_MR1,34f2f1464393d33a418099c4eadd934bfbe8ca74ab5ba92e760b80b922a222e9,07db16f2443fadf572339cbac35e71ecfd1cc3f465d94fcb02e3e54c78780fe0
0023,OASIS_OAS1_0025_MR1,3db183bafa00249eb6e5d3add3074ab3f709c5668ae30f85ede5af220aef8802,3b3b2eb7c647304a43bb93104f6889aa65ff5dc676dea045c0460aa262159be4
0024,OASIS_OAS1_0026_MR1,53a7e3b4506b48ce146c90cadd014f5891443504dbda62937adb9f6334ccecb0,4d1909a2621d2fd3d8c4efd03bba2f796119868b5f57e3ea848385df2353e564
0036,OASIS_OAS1_0039_MR1,856172cee1698337c3468a0f7c37486e77f39ba0d3e7a458439b6c3a4d8fb976,7ed5ed07c4703e825f28601738a6fb7f582bdee175e71b1a3c14ee2667ef637c
0037,OASIS_OAS1_0040_MR1,4fcafaa2f4343a2a3f557ae331e778e7c20b8126788c17030f2cefd25be1dab9,3482fbda86e4cdb364d0511ea77c4dde1d1fd637f8fb3c54fdedbaf89fc704ad
0041,OASIS_OAS1_0044_MR1,1209e405537e50c130aa0633f92a9a71e7cb9da2bdf067365c99436ba2d0c1ce,a93fbcd856730b115928e0cac59c2d14944dea873300527647487d31d1c657b1
0045,OASIS_OAS1_0049_MR1,033ef0467385e594dfc06458023a5b8a5f4b4a9cf81f5c7aa384d893e36d1dad,d0f88ab04e3086d0d8636ce286cfa4705ffe2802af6bfccffdf8f9f8466b8d24
0048,OASIS_OAS1_0052_MR1,cf525db40b77a398a97c204f9788864464b1dbe594ec0cc4eff236535bea13e8,08281ea46401ed11689cf323f6a808d7a5a7d30d35d9b66db64290cf1e3bf2fa
0050,OASIS_OAS1_0054_MR1,bc15482590fb7c5a887a95027f6fbf2a22bd607dde74ba0eb751abe028aeb889,69e3f1a8ec585ed20891c8b7c06c61a07a89792b19dd5cda754c10db4712d337
0052,OASIS_OAS1_0056_MR1,73e4f5d84f428d1d69698cf10d994befb6f71ba1814e30fae1be4d092bbfa664,6c1aa157520a6b18d3f43c93d56c4c1cae60499ae457f22ab90b981dcc9e839a
0053,OASIS_OAS1_0057_MR1,62a17efcf8c879ea6b3bb1e5a19204d3b27f357337d217cc925b66c3f9a15767,947f539fc9a6668e17e5866072f2884cf33db27c95037c98fd6ca261b3c1ead4
0058,OASIS_OAS1_0062_MR1,c25dfb63bcaa79df2876f97ed9d2952041d93a0f189798fc002cd40719c5b4cc,c941b3042f6e94fa3fbff04d29532d546df078a75800193a02dc513ec5cb33d2
0064,OASIS_OAS1_0068_MR1,4f48be2a875cb4e5d4ac7582e2fa357722c94cee0d7d9cafc1414c780c00aeb4,cae2d29d0db5e841de1bacec2b9231db69e5fec450924e34955d6c44e605f17d
0072,OASIS_OAS1_0076_MR1,daec842119f32fcbac4bea46e983d474deff81ebf8c711c1084bce460f6f5abe,b70698ce51ea8e5514da3efaad1d1c3e38dcc4f046323ee5b2367828057344cd
0080,OASIS_OAS1_0084_MR1,2a6512623cae4a3835c09a126739b0966cf842fafe65788012f3001eb0560460,f23d87eada4ddbb6d711fa81517d7b73551f44312e0efd77bd30486d521d3db8
0082,OASIS_OAS1_0086_MR1,6ed9823cbcb1f46f29ce296766643353474c3c4434e8edfb7d6339735169c5ad,ba3fc9fe5d72eda3fbe6205409aaf27efce655562427488431369147e1c705a7
0084,OASIS_OAS1_0088_MR1,79b19a3d9f0a911c73c6e4cf2bf915cbfa9224aed589619d0c64a3eb901660f0,dc68ecab22425e83f0dd5a96d59778ea9bf8481d6602db6612d9f8d7e88665b6
0099,OASIS_OAS1_0106_MR1,0ae9c53629736b4745579c7df37172b4d0d5a861cd8f24fa2c12b7858f0b59af,a39b7d5272cca2604311fea0ab48e587f8a28ed39c02dc334dcd6d376263e9ed
0102,OASIS_OAS1_0109_MR1,10395f09474e311d760cd73d3dc996a3e8a82ab5e3fa011ee62a3a399b891fbb,bfea7a8b68126fca5e153fb9d2bdc3b4093c1be2b074ab61f3fcdd89067e845c
0108,OASIS_OAS1_0115_MR1,acf2d2e4bf67368aac698d5152d18b747c658f903712251b132cc47d011c83d6,1156e4a7a8d9aa33b3047daf1d8443ffdd5fcebb77de65928d2b07bbccae0614
0111,OASIS_OAS1_0119_MR1,d9f72ed05e47f15082457e039a7927509cb85a0f4e5c8fb04e2c26ef7dd31f35,a06cddea5cabe8cd680e4b5321d3ffcc90e8e3dd984cb58b94db07b09cd457f2
0112,OASIS_OAS1_0120_MR1,f003b4a07ddc82383be304fe5f8bc5ecf518a1b8b64683f3b15a8c2bbe6a8c80,74419cb6f34c3153220fac79eb79de8f6fd4f79231bc651cbb513131f8bc35be
0113,OASIS_OAS1_0121_MR1,125004643d48081c7a76d5c9528ffdc1c936a9d43fb834dcbf400145121c96ff,23eb02c181126a8230d33e6194d91ba6d45f16faedbf45d3b3d28c171b53c14d
0115,OASIS_OAS1_0123_MR1,dbf9dae62611c32bb7872363547d2bffcef51993953f8cdc4d0f4555b81ab30f,f2d27dd4b56f7ce90c45781a52a410ba0f36230a920802082e40b9dfc1e78ebe
0117,OASIS_OAS1_0125_MR1,3f1805bd3a7983f76e4ab1f7fe8a0bb959ab62d21f7b12696674673121240090,019bf630e64c5fc2a7fbbcc2c4312a749a7d538c520305cc3ba1e3229c5b688f
0120,OASIS_OAS1_0129_MR1,fcff606d996af717d1705a57345ef1d09279fdf780fcf211e94b1c306c9ff336,4fb1b0196e6f6d0ab1dba019f4b912b0584dab5fe7300c03869ae756d8dbf2a3
0126,OASIS_OAS1_0135_MR1,85a5483b84acfc7be88fc7f2d639e09fe7db04a739c447bd2b11182cc4274876,04ef486244b0429f0870ac85b5e504e5300ebf6e0a76223366dc6a4b7fb895ea
0136,OASIS_OAS1_0145_MR1,464dd11b3ae75c4612b4119f9761dee9f8b3e97e6356d637f22d98e3ffd0f9c6,dcea8595276c86ecb1435b71f7dca141fd3fd327d9593f1fceb78b637017dae7
0137,OASIS_OAS1_0146_MR1,0d19e4facb2645a430f6efb90eaae8dbb30fc24dca08b9c722c88836f77d701c,8b7f5fd159c59750b0c7f27ea6797cb083dd4a1a8a35462e86af7e40a7a1f569
0141,OASIS_OAS1_0151_MR1,5c08d3b70d684e5806b8efa722229e18c9cbc0cca61b758fa11bae284c5a05cd,06117995f40e2a9adba0d854f8d2193447728aededcab0dca349d0680780eadd
0143,OASIS_OAS1_0153_MR1,6fc57150c3d2ae6ad2b0b64be69b883f83f5797ffd89491860780acd137ba30c,4f07f77e70c47d05e457b8fb7762e23760a7d47a614942ab97bb73eb685ce89c
0149,OASIS_OAS1_0160_MR1,7a0ff159d2b713e7fe224f9189d5e6b497be84deaf8a9fd57fb4df5acba0d4a7,289fa69afb081460c37727c403eb4d5d422d797d857777a6f66e536a80834e54
0151,OASIS_OAS1_0162_MR1,66d3f83c9d577792b5128d9ccf10e7976ad2b77c99ed2461685773bf76c8e0c4,755a3db558d40d00ea87929ff7c498eaa2420c7cf333b954debf5986241f733e
0173,OASIS_OAS1_0188_MR1,358cfd29338c139e7764707d01488738f63e4c0348c0cdaaa1682d2d3f788680,2d220ff4619304fff1a7468d7b8a49f71c72d3cee5df9576440bb4247ce49f36
0175,OASIS_OAS1_0190_MR1,48f17eb4c7a4659fd672635065a3197dcdd2a0ab11ccbcb6609364ebdc2cacf5,d23386ec80846ed18f03fb12c8684ee0bfeb6047df6ab53b57a70e194b0590d0
0177,OASIS_OAS1_0192_MR1,3fb348e4149fc2781c4cd5907c3ba829730f6c83acd8a619d00ae5b6b0760358,671695406aa60e4c45c9e9c88e6b9b39b7cbdd7e22ab490827def51ff7773630
0182,OASIS_OAS1_0199_MR1,ffddc6363fb7ca52c0b99af67f910c270e4b8bd04dff6149e07307a67f1c28b7,6ab982342693c9b286d89dbf225caa4f6eb0d4f5ded71b6d5ab440055dfa4020
0184,OASIS_OAS1_0201_MR1,7c03d9f9bc10660f224e0ae7002aeb4a0656328b11a8e07817e8165f2d5da0ed,fd0bf24de80bfd0ab8567e290a0e15fba6fe133c4a3977b7b14eeeb3eba3be47
0186,OASIS_OAS1_0203_MR1,4a79f2a8ea979a89a5dd240f10d7817ad6cdd138557aacc25bd00a619b9c067b,7f4915ab7f7c27c32afc6c4c2536257663de8cbaf5011c8eef37bb767f84be6c
0187,OASIS_OAS1_0204_MR1,da22e192b8cba2b2fe10ae7c2856b019d8658c308bef88d35511b2b0ad4bd2b3,5a70cb610bba6dc24a0706fbbaa93d4f5fea79f2cb534585c4adf19f1297d3e4
0190,OASIS_OAS1_0207_MR1,7153c1b3280f1ffb0f98b2c5e1b2b9530807ab064045f7b41e2efbfae5493970,dabc85c92f0f538b67382ecb048fe4f9512dfb26d8e66feb7d3a355d5f718353
0194,OASIS_OAS1_0211_MR1,0e4848ebbcd12912c4559b2e1213e9dae0dc7079a0c4be28fa145d1812f86662,2c04ff903457ffe845a8d3041c273e0eae1cd6de6ac2599b18a61144280898b4
0195,OASIS_OAS1_0212_MR1,964e31355b6b4529206ed907ab638265532ca6ca6247a8e19180afaabf63712f,b54f1e7dea23b26a912b2e7fa954f0549b5ea85a7b01efe52bea482ffe641571
0215,OASIS_OAS1_0235_MR1,51279359884ace848fad3dafdaf06ac2f903af514f18c404768a4b6643b85aff,7d8ec30aeaa44ada3dec7a289644ade3cdfa1bf123d439ad9dee72eb27a815b4
0217,OASIS_OAS1_0237_MR1,7867f4df052cf0bcab2ea206e9bf6dc7c96893309270b9082d46f440e32eea43,4c6fb641f5a1e3b83dee9bb529aa8ed3afeaf7e8f917db99056f6290fb364385
0230,OASIS_OAS1_0256_MR1,b2c745c194808f4c1092161e7cfeb8aa95ff7282ac6ae3bd5009b485c0a332b1,2ac1bb7bbbf6fa422b6c6f686f8449172e157aaaa8a1a6ba6fccbb86ee6e90a1
0233,OASIS_OAS1_0260_MR1,c8371399584ee857f6db420b644771241226db007e6e0bf79980bb611d40e205,5b06a354cdc94bc62baad0c2b50155b5c640f496a2363d5693cff2e0c4ee4e21
0236,OASIS_OAS1_0263_MR1,f441cb5623b9a16fa49f83f177ccd38d4cf0dba2649599d163f2f013694e147b,aef28c121cecc54c59cdfb11788c868906c108c5704f6e8f6517cb06c00eb2b9
0259,OASIS_OAS1_0287_MR1,8d7a385c13744bac66a762a62c0b0994fc3ab6bcf3635115589b2032bab2322f,1a2e72b344f2994f8b091aae3c2006179b742fdb091c7b8f0748a5f8060aa60f
0275,OASIS_OAS1_0304_MR1,3be5ca61f45f5c8a49dfe464783d38923cec8ecb8178f872346cdbde465d9644,709a8bb08b5e95855c62e849c5cac8107436b0381b002ca40d32117633e77cde
0280,OASIS_OAS1_0310_MR1,cd41bf7902cd99eaac2936f10cee66d81fbb507d719563b3bda3a74f0756d90b,e364b55417d93be8e1b5c81ad1d8faf0bd08b3a3f0fac4811fc60e49e1c8eb06
0283,OASIS_OAS1_0313_MR1,1e37cc63c2bd03d1f6c03bc4eb54bf678c08c1cf254047876272d85edf6aa70a,c27b399b74a1b91708677c786479a0ab324043ba1bea54146c49f5cd37d9966c
0288,OASIS_OAS1_0318_MR1,ff3cdeb0763e40c8c7f656d14ae6f447dfd29b15543477a6130d68e856f1cd8d,cc890ef3b7d23362203d3cb86d020a2e492289ab927d4b0eb4cf42479fef02d2
0296,OASIS_OAS1_0328_MR1,26d755e204f84241d7af2842514fe784d6137cbb03c55c7845fc4fee748afbaa,0e3ece03d02953ec331fe5d640ed10368bb5cefb1227521085ac5124bdbfde0a
0302,OASIS_OAS1_0335_MR1,5d0d1f60c41d90245f1efc117a02acd6370d32c31a65493d8d9d0b3d050c3d51,d83fb7c20f6605731a3a3aa0b617dbd1ba8889ff9e13122eb8a45e9634a8fb21
0303,OASIS_OAS1_0336_MR1,f94e3c53c45ab6d1a8ae72808f81d64a052db2c5d7e60afd2b84bf07a2d83d4d,878845f99e6cd624dd9824b2a7ad1c53b37ca624fafd202831bf4dff5ccf4ea4
0309,OASIS_OAS1_0342_MR1,00f1f47e75dfe2fda489eddfcd075faf08289bd51092b4040970a53a7c0bb850,0270ccd432bbb4535f83f906584fcfa435e81f63d05a483d6e47375e5843713d
0310,OASIS_OAS1_0343_MR1,a209a877dee5371ed8ce8b97e11126076aa40caf293984a335211fc356faa286,16a6521a7251f75963323ed5e46e529c9701515349d23bc5a0b09b887e685189
0317,OASIS_OAS1_0351_MR1,31bf3bac5853b62452b0e02bd4f59706c96c42af9e8b8a96ec235c6f9cea4c6c,adaa0433a06b1f2d760c606dc6a54fc5dc7b404de3880759b2886a1013263e67
0322,OASIS_OAS1_0356_MR1,20c0571bd75c6673662fff6401674488988f410d58a793e6485143b99d7a4b8b,862a25176804bf8112070dc6ee05c92930d14fa26401de979cafcadbe6457f0d
0326,OASIS_OAS1_0361_MR1,a821d9e495b0cae630771af5909a2c2296517e78bda33bf47fbe3d425a99209c,87d26b061259c6a4e17a739f85886c5583704c9afadf44a56ab97463900f40c0
0328,OASIS_OAS1_0363_MR1,15786475f39d44c088a8c5ea7993de2eb1271b08b5747a155a4c9d1e81b0c870,b3e1582ca1ce09f2e558733002b0edd05fe0b9fb24894638d7f87aa16dbbca0b
0333,OASIS_OAS1_0370_MR1,00fb835f72095427990e4eca0304fc5c92d049a67de5360822656e23457e55c0,605efd9c830eab65ea7a3423e58896e4d58aab9e75b09a726b997d43a854b368
0339,OASIS_OAS1_0376_MR1,95f70785b99e7cf229dafdd0b401a0a60d1d1a811b10396d0ddaeb96754d4047,103a6e788216a27509d05261e296c36779667d1bbc058115e3c2337da2a71206
0347,OASIS_OAS1_0384_MR1,eecfc0057e88b190da2d53439f117303f72c4dd8b564a8067742e9d79c9186af,3b2a82161ef14c476c33a91ac6327ea598f98f1de2309f9a757d17b4c1db126b
0357,OASIS_OAS1_0396_MR1,4c903031819cb6bcb335386722ce9656c7df8b36839ddc3cd6ba4804c78e6079,286ffed426041ee2371c6bd20cc4a796f6766d850958dc47004d5faf7bb50c90
0358,OASIS_OAS1_0397_MR1,9a6a472c9c5a1513661852c87e42c336c5e96dc4f86146d43679729ebdf5b6e8,96c3f21d7173566268eae03d3b3f7ad21823a5b65df13bfc0efaddd93bf803bc
0360,OASIS_OAS1_0399_MR1,bf7d2640db71db792e4bacf962c7f52c6c44997731cc075efe9534bebf1df952,8b3ce5344f7e7cb1279bda3e6fdb42b04d737bb190c3dd1c846f21b285927673
0367,OASIS_OAS1_0406_MR1,d60b6e11827d4353a02e25ff238c8fb54148cfde9f6f083c6fdcbd4b6e2db4cd,3c8243a6e1d5254f86243620744ac6764038afdffb2f2105c1ffa9ca12550d48
0368,OASIS_OAS1_0407_MR1,2cda13d75fcb06cf92b9c6354bdfabaa518e43b293286d3f5c4d041627ad889d,80b8dc466195465bb4225b27fab04f7a603d2b7f616adc75a42b22b83fb09f77
0374,OASIS_OAS1_0415_MR1,5898a73d089f2ea6aeadeb84c41fab73f1e32b40fcca0633ce1b22567de246a6,db349c184523e799f3c6f3071c4b07d394c2e44a7e0c364dd8f418ba2e707c62
0378,OASIS_OAS1_0419_MR1,ab27be0552af1a00a600ed986b80784c2f56ff623f54ee2633f9cd31f8316da0,0fa3fcc640631954b6d94303c380542c98e47bfc11939c1875fa9a4fb93f13c0
0380,OASIS_OAS1_0421_MR1,457f881d7979ef45edf7fe718d59d70545dba3c859a665c2edc4bd42538466a5,43d6c68d99d84d74f99b1c93b6d59fb28e2d3fc5f039b34d50018664e88f1e63
0394,OASIS_OAS1_0437_MR1,02d2f0297e06a49080fa477e77bf938862b715b46bb5cb7e4c5d02eef677b3a6,95b7f1daaab3f8960cdb8ae94aefaa00435e0e493fd1cdabaa68ddb02b6e4167
0396,OASIS_OAS1_0439_MR1,a999881d011485cfdd8bd4064a5da3202405aeb2e552c44137e0eb994241e356,eb3989741bd7ca87ca5949cda4e5cb2f1dc562fa1e0c6ff432c404c5c3bf1fb8
0399,OASIS_OAS1_0442_MR1,c3113e88a6ea4bf8364f35bcb920960f0bb3157ffb62e12958d2e9803806f341,f36130b04c0fce07a0a79772cae71d80b204a53030c5aebc0d898098078812b5
0402,OASIS_OAS1_0445_MR1,a4d9dfd3550ad0d37e60668740c85d740ea0ad466967377b4f0aba420660d840,a846a4f1513603fa311ce800e4d888a6e93f01ab176f8b7a1c7ed87aace573ef
0403,OASIS_OAS1_0446_MR1,dc1e2b1482e3432c22a7a4e8168c2838df4d3a9b4efa100f8a68dd53ec9c2444,dd1023f23cce4e3ff48aaa24c53b4fbcb33bff91ff23507ccd1def548ac7d15a
0405,OASIS_OAS1_0448_MR1,7cc3d54abc5b3b0a25614ddd3812e64078b62cd5a868c4e6f9696a3ee1399184,c65e79dd08315bd4d37bb5f9f0ed9c79786555a10ef94a89322d713c73377b7f
0411,OASIS_OAS1_0454_MR1,a1270a77ac15988c069fabf6a2b82ac67f68c2b32c858efff52b2eabe44cc053,45796ab5cb2afee6e04ee1f35b4abd8b3db69d5b0204b23af0ade8ae6456ddc8
