rank,fixed_id,moving_id
0,0333,0115
1,0113,0017
2,0037,0394
3,0117,0322
4,0084,0108
5,0288,0024
6,0194,0184
7,0014,0149
8,0215,0326
9,0173,0136
10,0275,0402
11,0184,0182
12,0230,0112
13,0117,0036
14,0141,0004
15,0108,0405
16,0303,0141
17,0411,0339
18,0072,0037
19,0024,0115
20,0403,0396
21,0405,0236
22,0058,0217
23,0368,0190
24,0053,0190
25,0053,0151
26,0259,0275
27,0143,0280
28,0357,0036
29,0195,0041
30,0045,0099
31,0283,0149
32,0084,0041
33,0275,0084
34,0050,0326
35,0283,0367
36,0126,0112
37,0151,0396
38,0113,0194
39,0309,0072
40,0151,0080
41,0113,0099
42,0233,0303
43,0259,0141
44,0050,0173
45,0058,0052
46,0259,0036
47,0186,0217
48,0102,0296
49,0360,0233
50,0394,0037
51,0143,0117
52,0111,0058
53,0177,0217
54,0326,0120
55,0013,0120
56,0048,0288
57,0380,0302
58,0367,0378
59,0102,0288
60,0405,0050
61,0048,0368
62,0402,0399
63,0126,0296
64,0151,0053
65,0175,0339
66,0368,0099
67,0187,0403
68,0317,0182
69,0357,0302
70,0333,0004
71,0177,0111
72,0394,0360
73,0394,0187
74,0402,0360
75,0111,0303
76,0190,0112
77,0378,0360
78,0045,0048
79,0084,0045
80,0358,0283
81,0082,0236
82,0187,0117
83,0217,0230
84,0405,0064
85,0310,0102
86,0215,0141
87,0230,0303
88,0052,0064
89,0182,0115
90,0280,0175
91,0137,0017
92,0036,0072
93,0339,0190
94,0004,0236
95,0080,0194
96,0014,0115
97,0058,0149
98,0113,0120
99,0064,0136
